Workbook
Name Slicer_diebetes: #N/A
Name Slicer_Weight_Status: #N/A

Sheet Customer Names
A1: Customer ID | B1: name | F1: TITLE | G1: NAME | H1: LAST NAME
A2: Id1 | B2: Hawks, Ms. Kelly | F2: Ms. | G2: Kelly | H2: Hawks
A3: Id2 | B3: Lehner, Mr. Matthew D | F3: Mr. | G3: Matthew D | H3: Lehner
A4: Id3 | B4: Lu, Mr. Phil | F4: Mr. | G4: Phil | H4: Lu
A5: Id4 | B5: Osborne, Ms. Kelsey | F5: Ms. | G5: Kelsey | H5: Osborne
A6: Id5 | B6: Kadala, Ms. Kristyn | F6: Ms. | G6: Kristyn | H6: Kadala
A7: Id6 | B7: Baker, Mr. Russell B. | F7: Mr. | G7: Russell B. | H7: Baker
A8: Id7 | B8: Macpherson, Mr. Scott | F8: Mr. | G8: Scott | H8: Macpherson
A9: Id8 | B9: Hallman, Mr. Stephen | F9: Mr. | G9: Stephen | H9: Hallman
A10: Id9 | B10: Moran, Mr. Patrick R. | F10: Mr. | G10: Patrick R. | H10: Moran
A11: Id10 | B11: Benner, Ms. Brooke N. | F11: Ms. | G11: Brooke N. | H11: Benner
A12: Id11 | B12: Fierro Vargas, Ms. Paola Andrea | F12: Ms. | G12: Paola Andrea | H12: Fierro Vargas
... A2336: Id2335 | B2336: German, Mr. Aaron K | F2336: Mr. | G2336: Aaron K | H2336: German

Sheet Medical Examinations
A1: Customer ID | B1: BMI | C1: HBA1C | D1: Heart Issues | E1: Any Transplants | F1: Cancer history | G1: NumberOfMajorSurgeries | H1: smoker | I1: SMOKER 1 | J1: Number of Major Surgeries | K1: Smoker2 | L1: Heart Issue | M1: Weight Status | N1: diebetes
A2: Id1 | B2: 47.41 | C2: 7.47 | D2: No | E2: No | F2: No | G2: No major surgery | H2: yes | I2: =IF(Table4[[#This Row],[smoker]]="?","NO",Table4[[#This Row],[smoker]]) -> yes | J2: 0 | K2: =UPPER(Table4[[#This Row],[SMOKER 1]]) -> YES | L2: =UPPER(Table4[[#This Row],[Heart Issues]]) -> NO | M2: =IF(Table4[[#This Row],[BMI]]<18.5,"underweight",IF(Table4[[#This Row],[BMI]]< 24.9,"normal weight",IF(Table4[[#This Row],[BMI]]<29.9,"over weight","obesity"))) -> obesity | N2: =IF(Table4[[#This Row],[HBA1C]]<5.7,"normal",IF(Table4[[#This Row],[HBA1C]]< 6.4,"prediabetes","diabetes")) -> diabetes
A3: Id2 | B3: 30.36 | C3: 5.77 | D3: No | E3: No | F3: No | G3: No major surgery | H3: yes | I3: =IF(Table4[[#This Row],[smoker]]="?","NO",Table4[[#This Row],[smoker]]) -> yes | J3: 0 | K3: =UPPER(Table4[[#This Row],[SMOKER 1]]) -> YES | L3: =UPPER(Table4[[#This Row],[Heart Issues]]) -> NO | M3: =IF(Table4[[#This Row],[BMI]]<18.5,"underweight",IF(Table4[[#This Row],[BMI]]< 24.9,"normal weight",IF(Table4[[#This Row],[BMI]]<29.9,"over weight","obesity"))) -> obesity | N3: =IF(Table4[[#This Row],[HBA1C]]<5.7,"normal",IF(Table4[[#This Row],[HBA1C]]< 6.4,"prediabetes","diabetes")) -> prediabetes
A4: Id3 | B4: 34.485 | C4: 11.87 | D4: yes | E4: No | F4: No | G4: 2 | H4: yes | I4: =IF(Table4[[#This Row],[smoker]]="?","NO",Table4[[#This Row],[smoker]]) -> yes | J4: 2 | K4: =UPPER(Table4[[#This Row],[SMOKER 1]]) -> YES | L4: =UPPER(Table4[[#This Row],[Heart Issues]]) -> YES | M4: =IF(Table4[[#This Row],[BMI]]<18.5,"underweight",IF(Table4[[#This Row],[BMI]]< 24.9,"normal weight",IF(Table4[[#This Row],[BMI]]<29.9,"over weight","obesity"))) -> obesity | N4: =IF(Table4[[#This Row],[HBA1C]]<5.7,"normal",IF(Table4[[#This Row],[HBA1C]]< 6.4,"prediabetes","diabetes")) -> diabetes
A5: Id4 | B5: 38.095 | C5: 6.05 | D5: No | E5: No | F5: No | G5: No major surgery | H5: yes | I5: =IF(Table4[[#This Row],[smoker]]="?","NO",Table4[[#This Row],[smoker]]) -> yes | J5: 0 | K5: =UPPER(Table4[[#This Row],[SMOKER 1]]) -> YES | L5: =UPPER(Table4[[#This Row],[Heart Issues]]) -> NO | M5: =IF(Table4[[#This Row],[BMI]]<18.5,"underweight",IF(Table4[[#This Row],[BMI]]< 24.9,"normal weight",IF(Table4[[#This Row],[BMI]]<29.9,"over weight","obesity"))) -> obesity | N5: =IF(Table4[[#This Row],[HBA1C]]<5.7,"normal",IF(Table4[[#This Row],[HBA1C]]< 6.4,"prediabetes","diabetes")) -> prediabetes | P5: COUNT OF MISSING VALUES
A6: Id5 | B6: 35.53 | C6: 5.45 | D6: No | E6: No | F6: No | G6: No major surgery | H6: yes | I6: =IF(Table4[[#This Row],[smoker]]="?","NO",Table4[[#This Row],[smoker]]) -> yes | J6: 0 | K6: =UPPER(Table4[[#This Row],[SMOKER 1]]) -> YES | L6: =UPPER(Table4[[#This Row],[Heart Issues]]) -> NO | M6: =IF(Table4[[#This Row],[BMI]]<18.5,"underweight",IF(Table4[[#This Row],[BMI]]< 24.9,"normal weight",IF(Table4[[#This Row],[BMI]]<29.9,"over weight","obesity"))) -> obesity | N6: =IF(Table4[[#This Row],[HBA1C]]<5.7,"normal",IF(Table4[[#This Row],[HBA1C]]< 6.4,"prediabetes","diabetes")) -> normal | P6: Column1 | Q6: Column2
A7: Id6 | B7: 32.8 | C7: 6.59 | D7: No | E7: No | F7: No | G7: No major surgery | H7: yes | I7: =IF(Table4[[#This Row],[smoker]]="?","NO",Table4[[#This Row],[smoker]]) -> yes | J7: 0 | K7: =UPPER(Table4[[#This Row],[SMOKER 1]]) -> YES | L7: =UPPER(Table4[[#This Row],[Heart Issues]]) -> NO | M7: =IF(Table4[[#This Row],[BMI]]<18.5,"underweight",IF(Table4[[#This Row],[BMI]]< 24.9,"normal weight",IF(Table4[[#This Row],[BMI]]<29.9,"over weight","obesity"))) -> obesity | N7: =IF(Table4[[#This Row],[HBA1C]]<5.7,"normal",IF(Table4[[#This Row],[HBA1C]]< 6.4,"prediabetes","diabetes")) -> diabetes | P7: Customer ID | Q7: =COUNTIF(A2:A2336,"?") -> 0
A8: Id7 | B8: 36.4 | C8: 6.07 | D8: No | E8: No | F8: No | G8: No major surgery | H8: yes | I8: =IF(Table4[[#This Row],[smoker]]="?","NO",Table4[[#This Row],[smoker]]) -> yes | J8: 0 | K8: =UPPER(Table4[[#This Row],[SMOKER 1]]) -> YES | L8: =UPPER(Table4[[#This Row],[Heart Issues]]) -> NO | M8: =IF(Table4[[#This Row],[BMI]]<18.5,"underweight",IF(Table4[[#This Row],[BMI]]< 24.9,"normal weight",IF(Table4[[#This Row],[BMI]]<29.9,"over weight","obesity"))) -> obesity | N8: =IF(Table4[[#This Row],[HBA1C]]<5.7,"normal",IF(Table4[[#This Row],[HBA1C]]< 6.4,"prediabetes","diabetes")) -> prediabetes | P8: BMI | Q8: =COUNTIF(B2:B2336,"?") -> 0
A9: Id8 | B9: 36.96 | C9: 7.93 | D9: No | E9: No | F9: No | G9: 3 | H9: yes | I9: =IF(Table4[[#This Row],[smoker]]="?","NO",Table4[[#This Row],[smoker]]) -> yes | J9: 3 | K9: =UPPER(Table4[[#This Row],[SMOKER 1]]) -> YES | L9: =UPPER(Table4[[#This Row],[Heart Issues]]) -> NO | M9: =IF(Table4[[#This Row],[BMI]]<18.5,"underweight",IF(Table4[[#This Row],[BMI]]< 24.9,"normal weight",IF(Table4[[#This Row],[BMI]]<29.9,"over weight","obesity"))) -> obesity | N9: =IF(Table4[[#This Row],[HBA1C]]<5.7,"normal",IF(Table4[[#This Row],[HBA1C]]< 6.4,"prediabetes","diabetes")) -> diabetes | P9: HBA1C | Q9: =COUNTIF(D2:D2336,"?") -> 0
A10: Id9 | B10: 41.14 | C10: 9.58 | D10: yes | E10: No | F10: Yes | G10: 1 | H10: yes | I10: =IF(Table4[[#This Row],[smoker]]="?","NO",Table4[[#This Row],[smoker]]) -> yes | J10: 1 | K10: =UPPER(Table4[[#This Row],[SMOKER 1]]) -> YES | L10: =UPPER(Table4[[#This Row],[Heart Issues]]) -> YES | M10: =IF(Table4[[#This Row],[BMI]]<18.5,"underweight",IF(Table4[[#This Row],[BMI]]< 24.9,"normal weight",IF(Table4[[#This Row],[BMI]]<29.9,"over weight","obesity"))) -> obesity | N10: =IF(Table4[[#This Row],[HBA1C]]<5.7,"normal",IF(Table4[[#This Row],[HBA1C]]< 6.4,"prediabetes","diabetes")) -> diabetes | P10: Heart Issues | Q10: =COUNTIF(E2:E2336,"?") -> 0
A11: Id10 | B11: 38.06 | C11: 10.79 | D11: No | E11: No | F11: No | G11: No major surgery | H11: yes | I11: =IF(Table4[[#This Row],[smoker]]="?","NO",Table4[[#This Row],[smoker]]) -> yes | J11: 0 | K11: =UPPER(Table4[[#This Row],[SMOKER 1]]) -> YES | L11: =UPPER(Table4[[#This Row],[Heart Issues]]) -> NO | M11: =IF(Table4[[#This Row],[BMI]]<18.5,"underweight",IF(Table4[[#This Row],[BMI]]< 24.9,"normal weight",IF(Table4[[#This Row],[BMI]]<29.9,"over weight","obesity"))) -> obesity | N11: =IF(Table4[[#This Row],[HBA1C]]<5.7,"normal",IF(Table4[[#This Row],[HBA1C]]< 6.4,"prediabetes","diabetes")) -> diabetes | P11: Any Transplants | Q11: =COUNTIF(D2:D2336,"?") -> 0
A12: Id11 | B12: 37.7 | C12: 5.96 | D12: yes | E12: No | F12: No | G12: 2 | H12: yes | I12: =IF(Table4[[#This Row],[smoker]]="?","NO",Table4[[#This Row],[smoker]]) -> yes | J12: 2 | K12: =UPPER(Table4[[#This Row],[SMOKER 1]]) -> YES | L12: =UPPER(Table4[[#This Row],[Heart Issues]]) -> YES | M12: =IF(Table4[[#This Row],[BMI]]<18.5,"underweight",IF(Table4[[#This Row],[BMI]]< 24.9,"normal weight",IF(Table4[[#This Row],[BMI]]<29.9,"over weight","obesity"))) -> obesity | N12: =IF(Table4[[#This Row],[HBA1C]]<5.7,"normal",IF(Table4[[#This Row],[HBA1C]]< 6.4,"prediabetes","diabetes")) -> prediabetes | P12: Cancer history | Q12: =COUNTIF(F2:F2336,"?") -> 0
A13: Id12 | B13: 42.13 | C13: 11.9 | D13: No | E13: No | F13: No | G13: No major surgery | H13: yes | I13: =IF(Table4[[#This Row],[smoker]]="?","NO",Table4[[#This Row],[smoker]]) -> yes | J13: 0 | K13: =UPPER(Table4[[#This Row],[SMOKER 1]]) -> YES | L13: =UPPER(Table4[[#This Row],[Heart Issues]]) -> NO | M13: =IF(Table4[[#This Row],[BMI]]<18.5,"underweight",IF(Table4[[#This Row],[BMI]]< 24.9,"normal weight",IF(Table4[[#This Row],[BMI]]<29.9,"over weight","obesity"))) -> obesity | N13: =IF(Table4[[#This Row],[HBA1C]]<5.7,"normal",IF(Table4[[#This Row],[HBA1C]]< 6.4,"prediabetes","diabetes")) -> diabetes | P13: NumberOfMajorSurgeries | Q13: =COUNTIF(G2:G2336,"?") -> 0
A14: Id13 | B14: 40.92 | C14: 8.41 | D14: No | E14: No | F14: No | G14: No major surgery | H14: yes | I14: =IF(Table4[[#This Row],[smoker]]="?","NO",Table4[[#This Row],[smoker]]) -> yes | J14: 0 | K14: =UPPER(Table4[[#This Row],[SMOKER 1]]) -> YES | L14: =UPPER(Table4[[#This Row],[Heart Issues]]) -> NO | M14: =IF(Table4[[#This Row],[BMI]]<18.5,"underweight",IF(Table4[[#This Row],[BMI]]< 24.9,"normal weight",IF(Table4[[#This Row],[BMI]]<29.9,"over weight","obesity"))) -> obesity | N14: =IF(Table4[[#This Row],[HBA1C]]<5.7,"normal",IF(Table4[[#This Row],[HBA1C]]< 6.4,"prediabetes","diabetes")) -> diabetes | P14: smoker | Q14: =COUNTIF(H2:H2336,"?") -> 2
A15: Id14 | B15: 40.565 | C15: 7.02 | D15: No | E15: No | F15: No | G15: No major surgery | H15: yes | I15: =IF(Table4[[#This Row],[smoker]]="?","NO",Table4[[#This Row],[smoker]]) -> yes | J15: 0 | K15: =UPPER(Table4[[#This Row],[SMOKER 1]]) -> YES | L15: =UPPER(Table4[[#This Row],[Heart Issues]]) -> NO | M15: =IF(Table4[[#This Row],[BMI]]<18.5,"underweight",IF(Table4[[#This Row],[BMI]]< 24.9,"normal weight",IF(Table4[[#This Row],[BMI]]<29.9,"over weight","obesity"))) -> obesity | N15: =IF(Table4[[#This Row],[HBA1C]]<5.7,"normal",IF(Table4[[#This Row],[HBA1C]]< 6.4,"prediabetes","diabetes")) -> diabetes
A16: Id15 | B16: 36.385 | C16: 7.59 | D16: yes | E16: No | F16: No | G16: 2 | H16: yes | I16: =IF(Table4[[#This Row],[smoker]]="?","NO",Table4[[#This Row],[smoker]]) -> yes | J16: 2 | K16: =UPPER(Table4[[#This Row],[SMOKER 1]]) -> YES | L16: =UPPER(Table4[[#This Row],[Heart Issues]]) -> YES | M16: =IF(Table4[[#This Row],[BMI]]<18.5,"underweight",IF(Table4[[#This Row],[BMI]]< 24.9,"normal weight",IF(Table4[[#This Row],[BMI]]<29.9,"over weight","obesity"))) -> obesity | N16: =IF(Table4[[#This Row],[HBA1C]]<5.7,"normal",IF(Table4[[#This Row],[HBA1C]]< 6.4,"prediabetes","diabetes")) -> diabetes
A17: Id16 | B17: 39.9 | C17: 11.32 | D17: No | E17: No | F17: No | G17: No major surgery | H17: yes | I17: =IF(Table4[[#This Row],[smoker]]="?","NO",Table4[[#This Row],[smoker]]) -> yes | J17: 0 | K17: =UPPER(Table4[[#This Row],[SMOKER 1]]) -> YES | L17: =UPPER(Table4[[#This Row],[Heart Issues]]) -> NO | M17: =IF(Table4[[#This Row],[BMI]]<18.5,"underweight",IF(Table4[[#This Row],[BMI]]< 24.9,"normal weight",IF(Table4[[#This Row],[BMI]]<29.9,"over weight","obesity"))) -> obesity | N17: =IF(Table4[[#This Row],[HBA1C]]<5.7,"normal",IF(Table4[[#This Row],[HBA1C]]< 6.4,"prediabetes","diabetes")) -> diabetes
A18: Id17 | B18: 33.8 | C18: 7.67 | D18: No | E18: No | F18: No | G18: 3 | H18: yes | I18: =IF(Table4[[#This Row],[smoker]]="?","NO",Table4[[#This Row],[smoker]]) -> yes | J18: 3 | K18: =UPPER(Table4[[#This Row],[SMOKER 1]]) -> YES | L18: =UPPER(Table4[[#This Row],[Heart Issues]]) -> NO | M18: =IF(Table4[[#This Row],[BMI]]<18.5,"underweight",IF(Table4[[#This Row],[BMI]]< 24.9,"normal weight",IF(Table4[[#This Row],[BMI]]<29.9,"over weight","obesity"))) -> obesity | N18: =IF(Table4[[#This Row],[HBA1C]]<5.7,"normal",IF(Table4[[#This Row],[HBA1C]]< 6.4,"prediabetes","diabetes")) -> diabetes
A19: Id18 | B19: 36.765 | C19: 7.29 | D19: yes | E19: No | F19: Yes | G19: 1 | H19: yes | I19: =IF(Table4[[#This Row],[smoker]]="?","NO",Table4[[#This Row],[smoker]]) -> yes | J19: 1 | K19: =UPPER(Table4[[#This Row],[SMOKER 1]]) -> YES | L19: =UPPER(Table4[[#This Row],[Heart Issues]]) -> YES | M19: =IF(Table4[[#This Row],[BMI]]<18.5,"underweight",IF(Table4[[#This Row],[BMI]]< 24.9,"normal weight",IF(Table4[[#This Row],[BMI]]<29.9,"over weight","obesity"))) -> obesity | N19: =IF(Table4[[#This Row],[HBA1C]]<5.7,"normal",IF(Table4[[#This Row],[HBA1C]]< 6.4,"prediabetes","diabetes")) -> diabetes | P19: Count of most occuring in Somker
A20: Id19 | B20: 36.955 | C20: 4.72 | D20: yes | E20: No | F20: No | G20: 1 | H20: yes | I20: =IF(Table4[[#This Row],[smoker]]="?","NO",Table4[[#This Row],[smoker]]) -> yes | J20: 1 | K20: =UPPER(Table4[[#This Row],[SMOKER 1]]) -> YES | L20: =UPPER(Table4[[#This Row],[Heart Issues]]) -> YES | M20: =IF(Table4[[#This Row],[BMI]]<18.5,"underweight",IF(Table4[[#This Row],[BMI]]< 24.9,"normal weight",IF(Table4[[#This Row],[BMI]]<29.9,"over weight","obesity"))) -> obesity | N20: =IF(Table4[[#This Row],[HBA1C]]<5.7,"normal",IF(Table4[[#This Row],[HBA1C]]< 6.4,"prediabetes","diabetes")) -> normal | P20: Row Labels | Q20: Count of smoker
A21: Id20 | B21: 42.9 | C21: 11.41 | D21: No | E21: No | F21: No | G21: No major surgery | H21: yes | I21: =IF(Table4[[#This Row],[smoker]]="?","NO",Table4[[#This Row],[smoker]]) -> yes | J21: 0 | K21: =UPPER(Table4[[#This Row],[SMOKER 1]]) -> YES | L21: =UPPER(Table4[[#This Row],[Heart Issues]]) -> NO | M21: =IF(Table4[[#This Row],[BMI]]<18.5,"underweight",IF(Table4[[#This Row],[BMI]]< 24.9,"normal weight",IF(Table4[[#This Row],[BMI]]<29.9,"over weight","obesity"))) -> obesity | N21: =IF(Table4[[#This Row],[HBA1C]]<5.7,"normal",IF(Table4[[#This Row],[HBA1C]]< 6.4,"prediabetes","diabetes")) -> diabetes | P21: ? | Q21: 2
A22: Id21 | B22: 36.3 | C22: 11.5 | D22: yes | E22: No | F22: No | G22: 2 | H22: yes | I22: =IF(Table4[[#This Row],[smoker]]="?","NO",Table4[[#This Row],[smoker]]) -> yes | J22: 2 | K22: =UPPER(Table4[[#This Row],[SMOKER 1]]) -> YES | L22: =UPPER(Table4[[#This Row],[Heart Issues]]) -> YES | M22: =IF(Table4[[#This Row],[BMI]]<18.5,"underweight",IF(Table4[[#This Row],[BMI]]< 24.9,"normal weight",IF(Table4[[#This Row],[BMI]]<29.9,"over weight","obesity"))) -> obesity | N22: =IF(Table4[[#This Row],[HBA1C]]<5.7,"normal",IF(Table4[[#This Row],[HBA1C]]< 6.4,"prediabetes","diabetes")) -> diabetes | P22: No | Q22: 1845
A23: Id22 | B23: 32.2 | C23: 6.22 | D23: yes | E23: No | F23: No | G23: 2 | H23: yes | I23: =IF(Table4[[#This Row],[smoker]]="?","NO",Table4[[#This Row],[smoker]]) -> yes | J23: 2 | K23: =UPPER(Table4[[#This Row],[SMOKER 1]]) -> YES | L23: =UPPER(Table4[[#This Row],[Heart Issues]]) -> YES | M23: =IF(Table4[[#This Row],[BMI]]<18.5,"underweight",IF(Table4[[#This Row],[BMI]]< 24.9,"normal weight",IF(Table4[[#This Row],[BMI]]<29.9,"over weight","obesity"))) -> obesity | N23: =IF(Table4[[#This Row],[HBA1C]]<5.7,"normal",IF(Table4[[#This Row],[HBA1C]]< 6.4,"prediabetes","diabetes")) -> prediabetes | P23: yes | Q23: 488
A24: Id23 | B24: 31.3 | C24: 11.38 | D24: No | E24: No | F24: No | G24: 3 | H24: yes | I24: =IF(Table4[[#This Row],[smoker]]="?","NO",Table4[[#This Row],[smoker]]) -> yes | J24: 3 | K24: =UPPER(Table4[[#This Row],[SMOKER 1]]) -> YES | L24: =UPPER(Table4[[#This Row],[Heart Issues]]) -> NO | M24: =IF(Table4[[#This Row],[BMI]]<18.5,"underweight",IF(Table4[[#This Row],[BMI]]< 24.9,"normal weight",IF(Table4[[#This Row],[BMI]]<29.9,"over weight","obesity"))) -> obesity | N24: =IF(Table4[[#This Row],[HBA1C]]<5.7,"normal",IF(Table4[[#This Row],[HBA1C]]< 6.4,"prediabetes","diabetes")) -> diabetes | P24: Grand Total | Q24: 2335
A25: Id24 | B25: 41.8 | C25: 7.89 | D25: yes | E25: No | F25: No | G25: 2 | H25: yes | I25: =IF(Table4[[#This Row],[smoker]]="?","NO",Table4[[#This Row],[smoker]]) -> yes | J25: 2 | K25: =UPPER(Table4[[#This Row],[SMOKER 1]]) -> YES | L25: =UPPER(Table4[[#This Row],[Heart Issues]]) -> YES | M25: =IF(Table4[[#This Row],[BMI]]<18.5,"underweight",IF(Table4[[#This Row],[BMI]]< 24.9,"normal weight",IF(Table4[[#This Row],[BMI]]<29.9,"over weight","obesity"))) -> obesity | N25: =IF(Table4[[#This Row],[HBA1C]]<5.7,"normal",IF(Table4[[#This Row],[HBA1C]]< 6.4,"prediabetes","diabetes")) -> diabetes
A26: Id25 | B26: 35.09 | C26: 4.38 | D26: yes | E26: No | F26: No | G26: 2 | H26: yes | I26: =IF(Table4[[#This Row],[smoker]]="?","NO",Table4[[#This Row],[smoker]]) -> yes | J26: 2 | K26: =UPPER(Table4[[#This Row],[SMOKER 1]]) -> YES | L26: =UPPER(Table4[[#This Row],[Heart Issues]]) -> YES | M26: =IF(Table4[[#This Row],[BMI]]<18.5,"underweight",IF(Table4[[#This Row],[BMI]]< 24.9,"normal weight",IF(Table4[[#This Row],[BMI]]<29.9,"over weight","obesity"))) -> obesity | N26: =IF(Table4[[#This Row],[HBA1C]]<5.7,"normal",IF(Table4[[#This Row],[HBA1C]]< 6.4,"prediabetes","diabetes")) -> normal
A27: Id26 | B27: 33.88 | C27: 7.01 | D27: No | E27: No | F27: No | G27: 3 | H27: yes | I27: =IF(Table4[[#This Row],[smoker]]="?","NO",Table4[[#This Row],[smoker]]) -> yes | J27: 3 | K27: =UPPER(Table4[[#This Row],[SMOKER 1]]) -> YES | L27: =UPPER(Table4[[#This Row],[Heart Issues]]) -> NO | M27: =IF(Table4[[#This Row],[BMI]]<18.5,"underweight",IF(Table4[[#This Row],[BMI]]< 24.9,"normal weight",IF(Table4[[#This Row],[BMI]]<29.9,"over weight","obesity"))) -> obesity | N27: =IF(Table4[[#This Row],[HBA1C]]<5.7,"normal",IF(Table4[[#This Row],[HBA1C]]< 6.4,"prediabetes","diabetes")) -> diabetes
A28: Id27 | B28: 30.875 | C28: 11.88 | D28: No | E28: No | F28: No | G28: No major surgery | H28: yes | I28: =IF(Table4[[#This Row],[smoker]]="?","NO",Table4[[#This Row],[smoker]]) -> yes | J28: 0 | K28: =UPPER(Table4[[#This Row],[SMOKER 1]]) -> YES | L28: =UPPER(Table4[[#This Row],[Heart Issues]]) -> NO | M28: =IF(Table4[[#This Row],[BMI]]<18.5,"underweight",IF(Table4[[#This Row],[BMI]]< 24.9,"normal weight",IF(Table4[[#This Row],[BMI]]<29.9,"over weight","obesity"))) -> obesity | N28: =IF(Table4[[#This Row],[HBA1C]]<5.7,"normal",IF(Table4[[#This Row],[HBA1C]]< 6.4,"prediabetes","diabetes")) -> diabetes
A29: Id28 | B29: 36.86 | C29: 5.19 | D29: yes | E29: No | F29: Yes | G29: 1 | H29: yes | I29: =IF(Table4[[#This Row],[smoker]]="?","NO",Table4[[#This Row],[smoker]]) -> yes | J29: 1 | K29: =UPPER(Table4[[#This Row],[SMOKER 1]]) -> YES | L29: =UPPER(Table4[[#This Row],[Heart Issues]]) -> YES | M29: =IF(Table4[[#This Row],[BMI]]<18.5,"underweight",IF(Table4[[#This Row],[BMI]]< 24.9,"normal weight",IF(Table4[[#This Row],[BMI]]<29.9,"over weight","obesity"))) -> obesity | N29: =IF(Table4[[#This Row],[HBA1C]]<5.7,"normal",IF(Table4[[#This Row],[HBA1C]]< 6.4,"prediabetes","diabetes")) -> normal
A30: Id29 | B30: 35.86 | C30: 6.74 | D30: yes | E30: No | F30: No | G30: 2 | H30: yes | I30: =IF(Table4[[#This Row],[smoker]]="?","NO",Table4[[#This Row],[smoker]]) -> yes | J30: 2 | K30: =UPPER(Table4[[#This Row],[SMOKER 1]]) -> YES | L30: =UPPER(Table4[[#This Row],[Heart Issues]]) -> YES | M30: =IF(Table4[[#This Row],[BMI]]<18.5,"underweight",IF(Table4[[#This Row],[BMI]]< 24.9,"normal weight",IF(Table4[[#This Row],[BMI]]<29.9,"over weight","obesity"))) -> obesity | N30: =IF(Table4[[#This Row],[HBA1C]]<5.7,"normal",IF(Table4[[#This Row],[HBA1C]]< 6.4,"prediabetes","diabetes")) -> diabetes
A31: Id30 | B31: 37.05 | C31: 8.44 | D31: No | E31: No | F31: No | G31: No major surgery | H31: yes | I31: =IF(Table4[[#This Row],[smoker]]="?","NO",Table4[[#This Row],[smoker]]) -> yes | J31: 0 | K31: =UPPER(Table4[[#This Row],[SMOKER 1]]) -> YES | L31: =UPPER(Table4[[#This Row],[Heart Issues]]) -> NO | M31: =IF(Table4[[#This Row],[BMI]]<18.5,"underweight",IF(Table4[[#This Row],[BMI]]< 24.9,"normal weight",IF(Table4[[#This Row],[BMI]]<29.9,"over weight","obesity"))) -> obesity | N31: =IF(Table4[[#This Row],[HBA1C]]<5.7,"normal",IF(Table4[[#This Row],[HBA1C]]< 6.4,"prediabetes","diabetes")) -> diabetes
A32: Id31 | B32: 43.89 | C32: 8.71 | D32: No | E32: No | F32: No | G32: No major surgery | H32: yes | I32: =IF(Table4[[#This Row],[smoker]]="?","NO",Table4[[#This Row],[smoker]]) -> yes | J32: 0 | K32: =UPPER(Table4[[#This Row],[SMOKER 1]]) -> YES | L32: =UPPER(Table4[[#This Row],[Heart Issues]]) -> NO | M32: =IF(Table4[[#This Row],[BMI]]<18.5,"underweight",IF(Table4[[#This Row],[BMI]]< 24.9,"normal weight",IF(Table4[[#This Row],[BMI]]<29.9,"over weight","obesity"))) -> obesity | N32: =IF(Table4[[#This Row],[HBA1C]]<5.7,"normal",IF(Table4[[#This Row],[HBA1C]]< 6.4,"prediabetes","diabetes")) -> diabetes
A33: Id32 | B33: 42.35 | C33: 5.08 | D33: yes | E33: No | F33: No | G33: No major surgery | H33: yes | I33: =IF(Table4[[#This Row],[smoker]]="?","NO",Table4[[#This Row],[smoker]]) -> yes | J33: 0 | K33: =UPPER(Table4[[#This Row],[SMOKER 1]]) -> YES | L33: =UPPER(Table4[[#This Row],[Heart Issues]]) -> YES | M33: =IF(Table4[[#This Row],[BMI]]<18.5,"underweight",IF(Table4[[#This Row],[BMI]]< 24.9,"normal weight",IF(Table4[[#This Row],[BMI]]<29.9,"over weight","obesity"))) -> obesity | N33: =IF(Table4[[#This Row],[HBA1C]]<5.7,"normal",IF(Table4[[#This Row],[HBA1C]]< 6.4,"prediabetes","diabetes")) -> normal
A34: Id33 | B34: 31.35 | C34: 6.86 | D34: No | E34: No | F34: No | G34: No major surgery | H34: yes | I34: =IF(Table4[[#This Row],[smoker]]="?","NO",Table4[[#This Row],[smoker]]) -> yes | J34: 0 | K34: =UPPER(Table4[[#This Row],[SMOKER 1]]) -> YES | L34: =UPPER(Table4[[#This Row],[Heart Issues]]) -> NO | M34: =IF(Table4[[#This Row],[BMI]]<18.5,"underweight",IF(Table4[[#This Row],[BMI]]< 24.9,"normal weight",IF(Table4[[#This Row],[BMI]]<29.9,"over weight","obesity"))) -> obesity | N34: =IF(Table4[[#This Row],[HBA1C]]<5.7,"normal",IF(Table4[[#This Row],[HBA1C]]< 6.4,"prediabetes","diabetes")) -> diabetes
A35: Id34 | B35: 47.6 | C35: 5.95 | D35: yes | E35: No | F35: No | G35: No major surgery | H35: yes | I35: =IF(Table4[[#This Row],[smoker]]="?","NO",Table4[[#This Row],[smoker]]) -> yes | J35: 0 | K35: =UPPER(Table4[[#This Row],[SMOKER 1]]) -> YES | L35: =UPPER(Table4[[#This Row],[Heart Issues]]) -> YES | M35: =IF(Table4[[#This Row],[BMI]]<18.5,"underweight",IF(Table4[[#This Row],[BMI]]< 24.9,"normal weight",IF(Table4[[#This Row],[BMI]]<29.9,"over weight","obesity"))) -> obesity | N35: =IF(Table4[[#This Row],[HBA1C]]<5.7,"normal",IF(Table4[[#This Row],[HBA1C]]< 6.4,"prediabetes","diabetes")) -> prediabetes
A36: Id35 | B36: 46.2 | C36: 6.09 | D36: No | E36: No | F36: Yes | G36: 1 | H36: yes | I36: =IF(Table4[[#This Row],[smoker]]="?","NO",Table4[[#This Row],[smoker]]) -> yes | J36: 1 | K36: =UPPER(Table4[[#This Row],[SMOKER 1]]) -> YES | L36: =UPPER(Table4[[#This Row],[Heart Issues]]) -> NO | M36: =IF(Table4[[#This Row],[BMI]]<18.5,"underweight",IF(Table4[[#This Row],[BMI]]< 24.9,"normal weight",IF(Table4[[#This Row],[BMI]]<29.9,"over weight","obesity"))) -> obesity | N36: =IF(Table4[[#This Row],[HBA1C]]<5.7,"normal",IF(Table4[[#This Row],[HBA1C]]< 6.4,"prediabetes","diabetes")) -> prediabetes
A37: Id36 | B37: 32.015 | C37: 11.75 | D37: No | E37: No | F37: No | G37: No major surgery | H37: yes | I37: =IF(Table4[[#This Row],[smoker]]="?","NO",Table4[[#This Row],[smoker]]) -> yes | J37: 0 | K37: =UPPER(Table4[[#This Row],[SMOKER 1]]) -> YES | L37: =UPPER(Table4[[#This Row],[Heart Issues]]) -> NO | M37: =IF(Table4[[#This Row],[BMI]]<18.5,"underweight",IF(Table4[[#This Row],[BMI]]< 24.9,"normal weight",IF(Table4[[#This Row],[BMI]]<29.9,"over weight","obesity"))) -> obesity | N37: =IF(Table4[[#This Row],[HBA1C]]<5.7,"normal",IF(Table4[[#This Row],[HBA1C]]< 6.4,"prediabetes","diabetes")) -> diabetes
A38: Id37 | B38: 40.565 | C38: 7.37 | D38: No | E38: No | F38: No | G38: No major surgery | H38: yes | I38: =IF(Table4[[#This Row],[smoker]]="?","NO",Table4[[#This Row],[smoker]]) -> yes | J38: 0 | K38: =UPPER(Table4[[#This Row],[SMOKER 1]]) -> YES | L38: =UPPER(Table4[[#This Row],[Heart Issues]]) -> NO | M38: =IF(Table4[[#This Row],[BMI]]<18.5,"underweight",IF(Table4[[#This Row],[BMI]]< 24.9,"normal weight",IF(Table4[[#This Row],[BMI]]<29.9,"over weight","obesity"))) -> obesity | N38: =IF(Table4[[#This Row],[HBA1C]]<5.7,"normal",IF(Table4[[#This Row],[HBA1C]]< 6.4,"prediabetes","diabetes")) -> diabetes
A39: Id38 | B39: 32.45 | C39: 11.91 | D39: No | E39: No | F39: No | G39: No major surgery | H39: yes | I39: =IF(Table4[[#This Row],[smoker]]="?","NO",Table4[[#This Row],[smoker]]) -> yes | J39: 0 | K39: =UPPER(Table4[[#This Row],[SMOKER 1]]) -> YES | L39: =UPPER(Table4[[#This Row],[Heart Issues]]) -> NO | M39: =IF(Table4[[#This Row],[BMI]]<18.5,"underweight",IF(Table4[[#This Row],[BMI]]< 24.9,"normal weight",IF(Table4[[#This Row],[BMI]]<29.9,"over weight","obesity"))) -> obesity | N39: =IF(Table4[[#This Row],[HBA1C]]<5.7,"normal",IF(Table4[[#This Row],[HBA1C]]< 6.4,"prediabetes","diabetes")) -> diabetes
A40: Id39 | B40: 34.96 | C40: 6.52 | D40: No | E40: No | F40: No | G40: No major surgery | H40: yes | I40: =IF(Table4[[#This Row],[smoker]]="?","NO",Table4[[#This Row],[smoker]]) -> yes | J40: 0 | K40: =UPPER(Table4[[#This Row],[SMOKER 1]]) -> YES | L40: =UPPER(Table4[[#This Row],[Heart Issues]]) -> NO | M40: =IF(Table4[[#This Row],[BMI]]<18.5,"underweight",IF(Table4[[#This Row],[BMI]]< 24.9,"normal weight",IF(Table4[[#This Row],[BMI]]<29.9,"over weight","obesity"))) -> obesity | N40: =IF(Table4[[#This Row],[HBA1C]]<5.7,"normal",IF(Table4[[#This Row],[HBA1C]]< 6.4,"prediabetes","diabetes")) -> diabetes
A41: Id40 | B41: 35.5 | C41: 5.14 | D41: No | E41: No | F41: Yes | G41: 1 | H41: yes | I41: =IF(Table4[[#This Row],[smoker]]="?","NO",Table4[[#This Row],[smoker]]) -> yes | J41: 1 | K41: =UPPER(Table4[[#This Row],[SMOKER 1]]) -> YES | L41: =UPPER(Table4[[#This Row],[Heart Issues]]) -> NO | M41: =IF(Table4[[#This Row],[BMI]]<18.5,"underweight",IF(Table4[[#This Row],[BMI]]< 24.9,"normal weight",IF(Table4[[#This Row],[BMI]]<29.9,"over weight","obesity"))) -> obesity | N41: =IF(Table4[[#This Row],[HBA1C]]<5.7,"normal",IF(Table4[[#This Row],[HBA1C]]< 6.4,"prediabetes","diabetes")) -> normal
A42: Id41 | B42: 52.58 | C42: 4.19 | D42: No | E42: yes | F42: No | G42: 1 | H42: yes | I42: =IF(Table4[[#This Row],[smoker]]="?","NO",Table4[[#This Row],[smoker]]) -> yes | J42: 1 | K42: =UPPER(Table4[[#This Row],[SMOKER 1]]) -> YES | L42: =UPPER(Table4[[#This Row],[Heart Issues]]) -> NO | M42: =IF(Table4[[#This Row],[BMI]]<18.5,"underweight",IF(Table4[[#This Row],[BMI]]< 24.9,"normal weight",IF(Table4[[#This Row],[BMI]]<29.9,"over weight","obesity"))) -> obesity | N42: =IF(Table4[[#This Row],[HBA1C]]<5.7,"normal",IF(Table4[[#This Row],[HBA1C]]< 6.4,"prediabetes","diabetes")) -> normal
A43: Id42 | B43: 35.2 | C43: 11.68 | D43: yes | E43: No | F43: No | G43: No major surgery | H43: yes | I43: =IF(Table4[[#This Row],[smoker]]="?","NO",Table4[[#This Row],[smoker]]) -> yes | J43: 0 | K43: =UPPER(Table4[[#This Row],[SMOKER 1]]) -> YES | L43: =UPPER(Table4[[#This Row],[Heart Issues]]) -> YES | M43: =IF(Table4[[#This Row],[BMI]]<18.5,"underweight",IF(Table4[[#This Row],[BMI]]< 24.9,"normal weight",IF(Table4[[#This Row],[BMI]]<29.9,"over weight","obesity"))) -> obesity | N43: =IF(Table4[[#This Row],[HBA1C]]<5.7,"normal",IF(Table4[[#This Row],[HBA1C]]< 6.4,"prediabetes","diabetes")) -> diabetes
A44: Id43 | B44: 38.06 | C44: 6.98 | D44: No | E44: No | F44: No | G44: No major surgery | H44: yes | I44: =IF(Table4[[#This Row],[smoker]]="?","NO",Table4[[#This Row],[smoker]]) -> yes | J44: 0 | K44: =UPPER(Table4[[#This Row],[SMOKER 1]]) -> YES | L44: =UPPER(Table4[[#This Row],[Heart Issues]]) -> NO | M44: =IF(Table4[[#This Row],[BMI]]<18.5,"underweight",IF(Table4[[#This Row],[BMI]]< 24.9,"normal weight",IF(Table4[[#This Row],[BMI]]<29.9,"over weight","obesity"))) -> obesity | N44: =IF(Table4[[#This Row],[HBA1C]]<5.7,"normal",IF(Table4[[#This Row],[HBA1C]]< 6.4,"prediabetes","diabetes")) -> diabetes
A45: Id44 | B45: 34.21 | C45: 8.34 | D45: No | E45: No | F45: No | G45: No major surgery | H45: yes | I45: =IF(Table4[[#This Row],[smoker]]="?","NO",Table4[[#This Row],[smoker]]) -> yes | J45: 0 | K45: =UPPER(Table4[[#This Row],[SMOKER 1]]) -> YES | L45: =UPPER(Table4[[#This Row],[Heart Issues]]) -> NO | M45: =IF(Table4[[#This Row],[BMI]]<18.5,"underweight",IF(Table4[[#This Row],[BMI]]< 24.9,"normal weight",IF(Table4[[#This Row],[BMI]]<29.9,"over weight","obesity"))) -> obesity | N45: =IF(Table4[[#This Row],[HBA1C]]<5.7,"normal",IF(Table4[[#This Row],[HBA1C]]< 6.4,"prediabetes","diabetes")) -> diabetes
A46: Id45 | B46: 38.94 | C46: 8.49 | D46: yes | E46: No | F46: No | G46: 1 | H46: yes | I46: =IF(Table4[[#This Row],[smoker]]="?","NO",Table4[[#This Row],[smoker]]) -> yes | J46: 1 | K46: =UPPER(Table4[[#This Row],[SMOKER 1]]) -> YES | L46: =UPPER(Table4[[#This Row],[Heart Issues]]) -> YES | M46: =IF(Table4[[#This Row],[BMI]]<18.5,"underweight",IF(Table4[[#This Row],[BMI]]< 24.9,"normal weight",IF(Table4[[#This Row],[BMI]]<29.9,"over weight","obesity"))) -> obesity | N46: =IF(Table4[[#This Row],[HBA1C]]<5.7,"normal",IF(Table4[[#This Row],[HBA1C]]< 6.4,"prediabetes","diabetes")) -> diabetes
A47: Id46 | B47: 30.21 | C47: 5.34 | D47: yes | E47: No | F47: No | G47: 1 | H47: yes | I47: =IF(Table4[[#This Row],[smoker]]="?","NO",Table4[[#This Row],[smoker]]) -> yes | J47: 1 | K47: =UPPER(Table4[[#This Row],[SMOKER 1]]) -> YES | L47: =UPPER(Table4[[#This Row],[Heart Issues]]) -> YES | M47: =IF(Table4[[#This Row],[BMI]]<18.5,"underweight",IF(Table4[[#This Row],[BMI]]< 24.9,"normal weight",IF(Table4[[#This Row],[BMI]]<29.9,"over weight","obesity"))) -> obesity | N47: =IF(Table4[[#This Row],[HBA1C]]<5.7,"normal",IF(Table4[[#This Row],[HBA1C]]< 6.4,"prediabetes","diabetes")) -> normal
A48: Id47 | B48: 33.63 | C48: 4.43 | D48: yes | E48: No | F48: No | G48: 2 | H48: yes | I48: =IF(Table4[[#This Row],[smoker]]="?","NO",Table4[[#This Row],[smoker]]) -> yes | J48: 2 | K48: =UPPER(Table4[[#This Row],[SMOKER 1]]) -> YES | L48: =UPPER(Table4[[#This Row],[Heart Issues]]) -> YES | M48: =IF(Table4[[#This Row],[BMI]]<18.5,"underweight",IF(Table4[[#This Row],[BMI]]< 24.9,"normal weight",IF(Table4[[#This Row],[BMI]]<29.9,"over weight","obesity"))) -> obesity | N48: =IF(Table4[[#This Row],[HBA1C]]<5.7,"normal",IF(Table4[[#This Row],[HBA1C]]< 6.4,"prediabetes","diabetes")) -> normal
A49: Id48 | B49: 40.37 | C49: 4.47 | D49: No | E49: No | F49: No | G49: No major surgery | H49: yes | I49: =IF(Table4[[#This Row],[smoker]]="?","NO",Table4[[#This Row],[smoker]]) -> yes | J49: 0 | K49: =UPPER(Table4[[#This Row],[SMOKER 1]]) -> YES | L49: =UPPER(Table4[[#This Row],[Heart Issues]]) -> NO | M49: =IF(Table4[[#This Row],[BMI]]<18.5,"underweight",IF(Table4[[#This Row],[BMI]]< 24.9,"normal weight",IF(Table4[[#This Row],[BMI]]<29.9,"over weight","obesity"))) -> obesity | N49: =IF(Table4[[#This Row],[HBA1C]]<5.7,"normal",IF(Table4[[#This Row],[HBA1C]]< 6.4,"prediabetes","diabetes")) -> normal
A50: Id49 | B50: 53.09 | C50: 4.82 | D50: yes | E50: No | F50: No | G50: 2 | H50: yes | I50: =IF(Table4[[#This Row],[smoker]]="?","NO",Table4[[#This Row],[smoker]]) -> yes | J50: 2 | K50: =UPPER(Table4[[#This Row],[SMOKER 1]]) -> YES | L50: =UPPER(Table4[[#This Row],[Heart Issues]]) -> YES | M50: =IF(Table4[[#This Row],[BMI]]<18.5,"underweight",IF(Table4[[#This Row],[BMI]]< 24.9,"normal weight",IF(Table4[[#This Row],[BMI]]<29.9,"over weight","obesity"))) -> obesity | N50: =IF(Table4[[#This Row],[HBA1C]]<5.7,"normal",IF(Table4[[#This Row],[HBA1C]]< 6.4,"prediabetes","diabetes")) -> normal
A51: Id50 | B51: 31.79 | C51: 5.51 | D51: yes | E51: No | F51: No | G51: 2 | H51: yes | I51: =IF(Table4[[#This Row],[smoker]]="?","NO",Table4[[#This Row],[smoker]]) -> yes | J51: 2 | K51: =UPPER(Table4[[#This Row],[SMOKER 1]]) -> YES | L51: =UPPER(Table4[[#This Row],[Heart Issues]]) -> YES | M51: =IF(Table4[[#This Row],[BMI]]<18.5,"underweight",IF(Table4[[#This Row],[BMI]]< 24.9,"normal weight",IF(Table4[[#This Row],[BMI]]<29.9,"over weight","obesity"))) -> obesity | N51: =IF(Table4[[#This Row],[HBA1C]]<5.7,"normal",IF(Table4[[#This Row],[HBA1C]]< 6.4,"prediabetes","diabetes")) -> normal
A52: Id51 | B52: 41.895 | C52: 10.87 | D52: yes | E52: No | F52: No | G52: 1 | H52: yes | I52: =IF(Table4[[#This Row],[smoker]]="?","NO",Table4[[#This Row],[smoker]]) -> yes | J52: 1 | K52: =UPPER(Table4[[#This Row],[SMOKER 1]]) -> YES | L52: =UPPER(Table4[[#This Row],[Heart Issues]]) -> YES | M52: =IF(Table4[[#This Row],[BMI]]<18.5,"underweight",IF(Table4[[#This Row],[BMI]]< 24.9,"normal weight",IF(Table4[[#This Row],[BMI]]<29.9,"over weight","obesity"))) -> obesity | N52: =IF(Table4[[#This Row],[HBA1C]]<5.7,"normal",IF(Table4[[#This Row],[HBA1C]]< 6.4,"prediabetes","diabetes")) -> diabetes
A53: Id52 | B53: 31.16 | C53: 9.34 | D53: No | E53: No | F53: No | G53: No major surgery | H53: yes | I53: =IF(Table4[[#This Row],[smoker]]="?","NO",Table4[[#This Row],[smoker]]) -> yes | J53: 0 | K53: =UPPER(Table4[[#This Row],[SMOKER 1]]) -> YES | L53: =UPPER(Table4[[#This Row],[Heart Issues]]) -> NO | M53: =IF(Table4[[#This Row],[BMI]]<18.5,"underweight",IF(Table4[[#This Row],[BMI]]< 24.9,"normal weight",IF(Table4[[#This Row],[BMI]]<29.9,"over weight","obesity"))) -> obesity | N53: =IF(Table4[[#This Row],[HBA1C]]<5.7,"normal",IF(Table4[[#This Row],[HBA1C]]< 6.4,"prediabetes","diabetes")) -> diabetes
A54: Id53 | B54: 34.105 | C54: 5.03 | D54: yes | E54: No | F54: Yes | G54: 1 | H54: yes | I54: =IF(Table4[[#This Row],[smoker]]="?","NO",Table4[[#This Row],[smoker]]) -> yes | J54: 1 | K54: =UPPER(Table4[[#This Row],[SMOKER 1]]) -> YES | L54: =UPPER(Table4[[#This Row],[Heart Issues]]) -> YES | M54: =IF(Table4[[#This Row],[BMI]]<18.5,"underweight",IF(Table4[[#This Row],[BMI]]< 24.9,"normal weight",IF(Table4[[#This Row],[BMI]]<29.9,"over weight","obesity"))) -> obesity | N54: =IF(Table4[[#This Row],[HBA1C]]<5.7,"normal",IF(Table4[[#This Row],[HBA1C]]< 6.4,"prediabetes","diabetes")) -> normal
A55: Id54 | B55: 51.93 | C55: 11.05 | D55: No | E55: No | F55: No | G55: No major surgery | H55: yes | I55: =IF(Table4[[#This Row],[smoker]]="?","NO",Table4[[#This Row],[smoker]]) -> yes | J55: 0 | K55: =UPPER(Table4[[#This Row],[SMOKER 1]]) -> YES | L55: =UPPER(Table4[[#This Row],[Heart Issues]]) -> NO | M55: =IF(Table4[[#This Row],[BMI]]<18.5,"underweight",IF(Table4[[#This Row],[BMI]]< 24.9,"normal weight",IF(Table4[[#This Row],[BMI]]<29.9,"over weight","obesity"))) -> obesity | N55: =IF(Table4[[#This Row],[HBA1C]]<5.7,"normal",IF(Table4[[#This Row],[HBA1C]]< 6.4,"prediabetes","diabetes")) -> diabetes
A56: Id55 | B56: 38.95 | C56: 11.95 | D56: No | E56: No | F56: No | G56: No major surgery | H56: yes | I56: =IF(Table4[[#This Row],[smoker]]="?","NO",Table4[[#This Row],[smoker]]) -> yes | J56: 0 | K56: =UPPER(Table4[[#This Row],[SMOKER 1]]) -> YES | L56: =UPPER(Table4[[#This Row],[Heart Issues]]) -> NO | M56: =IF(Table4[[#This Row],[BMI]]<18.5,"underweight",IF(Table4[[#This Row],[BMI]]< 24.9,"normal weight",IF(Table4[[#This Row],[BMI]]<29.9,"over weight","obesity"))) -> obesity | N56: =IF(Table4[[#This Row],[HBA1C]]<5.7,"normal",IF(Table4[[#This Row],[HBA1C]]< 6.4,"prediabetes","diabetes")) -> diabetes
A57: Id56 | B57: 36.63 | C57: 7.72 | D57: yes | E57: No | F57: No | G57: 1 | H57: yes | I57: =IF(Table4[[#This Row],[smoker]]="?","NO",Table4[[#This Row],[smoker]]) -> yes | J57: 1 | K57: =UPPER(Table4[[#This Row],[SMOKER 1]]) -> YES | L57: =UPPER(Table4[[#This Row],[Heart Issues]]) -> YES | M57: =IF(Table4[[#This Row],[BMI]]<18.5,"underweight",IF(Table4[[#This Row],[BMI]]< 24.9,"normal weight",IF(Table4[[#This Row],[BMI]]<29.9,"over weight","obesity"))) -> obesity | N57: =IF(Table4[[#This Row],[HBA1C]]<5.7,"normal",IF(Table4[[#This Row],[HBA1C]]< 6.4,"prediabetes","diabetes")) -> diabetes
A58: Id57 | B58: 34.2 | C58: 5.75 | D58: No | E58: No | F58: No | G58: 2 | H58: yes | I58: =IF(Table4[[#This Row],[smoker]]="?","NO",Table4[[#This Row],[smoker]]) -> yes | J58: 2 | K58: =UPPER(Table4[[#This Row],[SMOKER 1]]) -> YES | L58: =UPPER(Table4[[#This Row],[Heart Issues]]) -> NO | M58: =IF(Table4[[#This Row],[BMI]]<18.5,"underweight",IF(Table4[[#This Row],[BMI]]< 24.9,"normal weight",IF(Table4[[#This Row],[BMI]]<29.9,"over weight","obesity"))) -> obesity | N58: =IF(Table4[[#This Row],[HBA1C]]<5.7,"normal",IF(Table4[[#This Row],[HBA1C]]< 6.4,"prediabetes","diabetes")) -> prediabetes
A59: Id58 | B59: 50.63 | C59: 11.89 | D59: No | E59: No | F59: No | G59: No major surgery | H59: yes | I59: =IF(Table4[[#This Row],[smoker]]="?","NO",Table4[[#This Row],[smoker]]) -> yes | J59: 0 | K59: =UPPER(Table4[[#This Row],[SMOKER 1]]) -> YES | L59: =UPPER(Table4[[#This Row],[Heart Issues]]) -> NO | M59: =IF(Table4[[#This Row],[BMI]]<18.5,"underweight",IF(Table4[[#This Row],[BMI]]< 24.9,"normal weight",IF(Table4[[#This Row],[BMI]]<29.9,"over weight","obesity"))) -> obesity | N59: =IF(Table4[[#This Row],[HBA1C]]<5.7,"normal",IF(Table4[[#This Row],[HBA1C]]< 6.4,"prediabetes","diabetes")) -> diabetes
A60: Id59 | B60: 36.48 | C60: 6.2 | D60: No | E60: No | F60: No | G60: No major surgery | H60: yes | I60: =IF(Table4[[#This Row],[smoker]]="?","NO",Table4[[#This Row],[smoker]]) -> yes | J60: 0 | K60: =UPPER(Table4[[#This Row],[SMOKER 1]]) -> YES | L60: =UPPER(Table4[[#This Row],[Heart Issues]]) -> NO | M60: =IF(Table4[[#This Row],[BMI]]<18.5,"underweight",IF(Table4[[#This Row],[BMI]]< 24.9,"normal weight",IF(Table4[[#This Row],[BMI]]<29.9,"over weight","obesity"))) -> obesity | N60: =IF(Table4[[#This Row],[HBA1C]]<5.7,"normal",IF(Table4[[#This Row],[HBA1C]]< 6.4,"prediabetes","diabetes")) -> prediabetes
A61: Id60 | B61: 54.82 | C61: 10.61 | D61: No | E61: No | F61: No | G61: No major surgery | H61: yes | I61: =IF(Table4[[#This Row],[smoker]]="?","NO",Table4[[#This Row],[smoker]]) -> yes | J61: 0 | K61: =UPPER(Table4[[#This Row],[SMOKER 1]]) -> YES | L61: =UPPER(Table4[[#This Row],[Heart Issues]]) -> NO | M61: =IF(Table4[[#This Row],[BMI]]<18.5,"underweight",IF(Table4[[#This Row],[BMI]]< 24.9,"normal weight",IF(Table4[[#This Row],[BMI]]<29.9,"over weight","obesity"))) -> obesity | N61: =IF(Table4[[#This Row],[HBA1C]]<5.7,"normal",IF(Table4[[#This Row],[HBA1C]]< 6.4,"prediabetes","diabetes")) -> diabetes
A62: Id61 | B62: 38.06 | C62: 6.04 | D62: No | E62: No | F62: Yes | G62: 1 | H62: yes | I62: =IF(Table4[[#This Row],[smoker]]="?","NO",Table4[[#This Row],[smoker]]) -> yes | J62: 1 | K62: =UPPER(Table4[[#This Row],[SMOKER 1]]) -> YES | L62: =UPPER(Table4[[#This Row],[Heart Issues]]) -> NO | M62: =IF(Table4[[#This Row],[BMI]]<18.5,"underweight",IF(Table4[[#This Row],[BMI]]< 24.9,"normal weight",IF(Table4[[#This Row],[BMI]]<29.9,"over weight","obesity"))) -> obesity | N62: =IF(Table4[[#This Row],[HBA1C]]<5.7,"normal",IF(Table4[[#This Row],[HBA1C]]< 6.4,"prediabetes","diabetes")) -> prediabetes
A63: Id62 | B63: 51.48 | C63: 9.33 | D63: yes | E63: No | F63: No | G63: No major surgery | H63: yes | I63: =IF(Table4[[#This Row],[smoker]]="?","NO",Table4[[#This Row],[smoker]]) -> yes | J63: 0 | K63: =UPPER(Table4[[#This Row],[SMOKER 1]]) -> YES | L63: =UPPER(Table4[[#This Row],[Heart Issues]]) -> YES | M63: =IF(Table4[[#This Row],[BMI]]<18.5,"underweight",IF(Table4[[#This Row],[BMI]]< 24.9,"normal weight",IF(Table4[[#This Row],[BMI]]<29.9,"over weight","obesity"))) -> obesity | N63: =IF(Table4[[#This Row],[HBA1C]]<5.7,"normal",IF(Table4[[#This Row],[HBA1C]]< 6.4,"prediabetes","diabetes")) -> diabetes
A64: Id63 | B64: 52.06 | C64: 11.47 | D64: No | E64: No | F64: No | G64: No major surgery | H64: yes | I64: =IF(Table4[[#This Row],[smoker]]="?","NO",Table4[[#This Row],[smoker]]) -> yes | J64: 0 | K64: =UPPER(Table4[[#This Row],[SMOKER 1]]) -> YES | L64: =UPPER(Table4[[#This Row],[Heart Issues]]) -> NO | M64: =IF(Table4[[#This Row],[BMI]]<18.5,"underweight",IF(Table4[[#This Row],[BMI]]< 24.9,"normal weight",IF(Table4[[#This Row],[BMI]]<29.9,"over weight","obesity"))) -> obesity | N64: =IF(Table4[[#This Row],[HBA1C]]<5.7,"normal",IF(Table4[[#This Row],[HBA1C]]< 6.4,"prediabetes","diabetes")) -> diabetes
A65: Id64 | B65: 30.685 | C65: 7.02 | D65: yes | E65: No | F65: No | G65: No major surgery | H65: yes | I65: =IF(Table4[[#This Row],[smoker]]="?","NO",Table4[[#This Row],[smoker]]) -> yes | J65: 0 | K65: =UPPER(Table4[[#This Row],[SMOKER 1]]) -> YES | L65: =UPPER(Table4[[#This Row],[Heart Issues]]) -> YES | M65: =IF(Table4[[#This Row],[BMI]]<18.5,"underweight",IF(Table4[[#This Row],[BMI]]< 24.9,"normal weight",IF(Table4[[#This Row],[BMI]]<29.9,"over weight","obesity"))) -> obesity | N65: =IF(Table4[[#This Row],[HBA1C]]<5.7,"normal",IF(Table4[[#This Row],[HBA1C]]< 6.4,"prediabetes","diabetes")) -> diabetes
A66: Id65 | B66: 36.08 | C66: 8.8 | D66: yes | E66: No | F66: No | G66: 1 | H66: yes | I66: =IF(Table4[[#This Row],[smoker]]="?","NO",Table4[[#This Row],[smoker]]) -> yes | J66: 1 | K66: =UPPER(Table4[[#This Row],[SMOKER 1]]) -> YES | L66: =UPPER(Table4[[#This Row],[Heart Issues]]) -> YES | M66: =IF(Table4[[#This Row],[BMI]]<18.5,"underweight",IF(Table4[[#This Row],[BMI]]< 24.9,"normal weight",IF(Table4[[#This Row],[BMI]]<29.9,"over weight","obesity"))) -> obesity | N66: =IF(Table4[[#This Row],[HBA1C]]<5.7,"normal",IF(Table4[[#This Row],[HBA1C]]< 6.4,"prediabetes","diabetes")) -> diabetes
A67: Id66 | B67: 54.99 | C67: 8.68 | D67: No | E67: No | F67: No | G67: 2 | H67: yes | I67: =IF(Table4[[#This Row],[smoker]]="?","NO",Table4[[#This Row],[smoker]]) -> yes | J67: 2 | K67: =UPPER(Table4[[#This Row],[SMOKER 1]]) -> YES | L67: =UPPER(Table4[[#This Row],[Heart Issues]]) -> NO | M67: =IF(Table4[[#This Row],[BMI]]<18.5,"underweight",IF(Table4[[#This Row],[BMI]]< 24.9,"normal weight",IF(Table4[[#This Row],[BMI]]<29.9,"over weight","obesity"))) -> obesity | N67: =IF(Table4[[#This Row],[HBA1C]]<5.7,"normal",IF(Table4[[#This Row],[HBA1C]]< 6.4,"prediabetes","diabetes")) -> diabetes
A68: Id67 | B68: 35.97 | C68: 6.12 | D68: No | E68: No | F68: Yes | G68: 1 | H68: yes | I68: =IF(Table4[[#This Row],[smoker]]="?","NO",Table4[[#This Row],[smoker]]) -> yes | J68: 1 | K68: =UPPER(Table4[[#This Row],[SMOKER 1]]) -> YES | L68: =UPPER(Table4[[#This Row],[Heart Issues]]) -> NO | M68: =IF(Table4[[#This Row],[BMI]]<18.5,"underweight",IF(Table4[[#This Row],[BMI]]< 24.9,"normal weight",IF(Table4[[#This Row],[BMI]]<29.9,"over weight","obesity"))) -> obesity | N68: =IF(Table4[[#This Row],[HBA1C]]<5.7,"normal",IF(Table4[[#This Row],[HBA1C]]< 6.4,"prediabetes","diabetes")) -> prediabetes
A69: Id68 | B69: 45.54 | C69: 5.4 | D69: yes | E69: No | F69: Yes | G69: 1 | H69: yes | I69: =IF(Table4[[#This Row],[smoker]]="?","NO",Table4[[#This Row],[smoker]]) -> yes | J69: 1 | K69: =UPPER(Table4[[#This Row],[SMOKER 1]]) -> YES | L69: =UPPER(Table4[[#This Row],[Heart Issues]]) -> YES | M69: =IF(Table4[[#This Row],[BMI]]<18.5,"underweight",IF(Table4[[#This Row],[BMI]]< 24.9,"normal weight",IF(Table4[[#This Row],[BMI]]<29.9,"over weight","obesity"))) -> obesity | N69: =IF(Table4[[#This Row],[HBA1C]]<5.7,"normal",IF(Table4[[#This Row],[HBA1C]]< 6.4,"prediabetes","diabetes")) -> normal
A70: Id69 | B70: 35.53 | C70: 4.36 | D70: yes | E70: No | F70: No | G70: No major surgery | H70: yes | I70: =IF(Table4[[#This Row],[smoker]]="?","NO",Table4[[#This Row],[smoker]]) -> yes | J70: 0 | K70: =UPPER(Table4[[#This Row],[SMOKER 1]]) -> YES | L70: =UPPER(Table4[[#This Row],[Heart Issues]]) -> YES | M70: =IF(Table4[[#This Row],[BMI]]<18.5,"underweight",IF(Table4[[#This Row],[BMI]]< 24.9,"normal weight",IF(Table4[[#This Row],[BMI]]<29.9,"over weight","obesity"))) -> obesity | N70: =IF(Table4[[#This Row],[HBA1C]]<5.7,"normal",IF(Table4[[#This Row],[HBA1C]]< 6.4,"prediabetes","diabetes")) -> normal
A71: Id70 | B71: 30.8 | C71: 9.77 | D71: No | E71: No | F71: No | G71: No major surgery | H71: yes | I71: =IF(Table4[[#This Row],[smoker]]="?","NO",Table4[[#This Row],[smoker]]) -> yes | J71: 0 | K71: =UPPER(Table4[[#This Row],[SMOKER 1]]) -> YES | L71: =UPPER(Table4[[#This Row],[Heart Issues]]) -> NO | M71: =IF(Table4[[#This Row],[BMI]]<18.5,"underweight",IF(Table4[[#This Row],[BMI]]< 24.9,"normal weight",IF(Table4[[#This Row],[BMI]]<29.9,"over weight","obesity"))) -> obesity | N71: =IF(Table4[[#This Row],[HBA1C]]<5.7,"normal",IF(Table4[[#This Row],[HBA1C]]< 6.4,"prediabetes","diabetes")) -> diabetes
A72: Id71 | B72: 38.39 | C72: 4.25 | D72: No | E72: No | F72: No | G72: 1 | H72: yes | I72: =IF(Table4[[#This Row],[smoker]]="?","NO",Table4[[#This Row],[smoker]]) -> yes | J72: 1 | K72: =UPPER(Table4[[#This Row],[SMOKER 1]]) -> YES | L72: =UPPER(Table4[[#This Row],[Heart Issues]]) -> NO | M72: =IF(Table4[[#This Row],[BMI]]<18.5,"underweight",IF(Table4[[#This Row],[BMI]]< 24.9,"normal weight",IF(Table4[[#This Row],[BMI]]<29.9,"over weight","obesity"))) -> obesity | N72: =IF(Table4[[#This Row],[HBA1C]]<5.7,"normal",IF(Table4[[#This Row],[HBA1C]]< 6.4,"prediabetes","diabetes")) -> normal
A73: Id72 | B73: 32.3 | C73: 4.76 | D73: No | E73: No | F73: No | G73: 2 | H73: yes | I73: =IF(Table4[[#This Row],[smoker]]="?","NO",Table4[[#This Row],[smoker]]) -> yes | J73: 2 | K73: =UPPER(Table4[[#This Row],[SMOKER 1]]) -> YES | L73: =UPPER(Table4[[#This Row],[Heart Issues]]) -> NO | M73: =IF(Table4[[#This Row],[BMI]]<18.5,"underweight",IF(Table4[[#This Row],[BMI]]< 24.9,"normal weight",IF(Table4[[#This Row],[BMI]]<29.9,"over weight","obesity"))) -> obesity | N73: =IF(Table4[[#This Row],[HBA1C]]<5.7,"normal",IF(Table4[[#This Row],[HBA1C]]< 6.4,"prediabetes","diabetes")) -> normal
A74: Id73 | B74: 48.8 | C74: 6.22 | D74: yes | E74: No | F74: No | G74: 2 | H74: yes | I74: =IF(Table4[[#This Row],[smoker]]="?","NO",Table4[[#This Row],[smoker]]) -> yes | J74: 2 | K74: =UPPER(Table4[[#This Row],[SMOKER 1]]) -> YES | L74: =UPPER(Table4[[#This Row],[Heart Issues]]) -> YES | M74: =IF(Table4[[#This Row],[BMI]]<18.5,"underweight",IF(Table4[[#This Row],[BMI]]< 24.9,"normal weight",IF(Table4[[#This Row],[BMI]]<29.9,"over weight","obesity"))) -> obesity | N74: =IF(Table4[[#This Row],[HBA1C]]<5.7,"normal",IF(Table4[[#This Row],[HBA1C]]< 6.4,"prediabetes","diabetes")) -> prediabetes
A75: Id74 | B75: 45.5 | C75: 7.96 | D75: No | E75: No | F75: No | G75: No major surgery | H75: yes | I75: =IF(Table4[[#This Row],[smoker]]="?","NO",Table4[[#This Row],[smoker]]) -> yes | J75: 0 | K75: =UPPER(Table4[[#This Row],[SMOKER 1]]) -> YES | L75: =UPPER(Table4[[#This Row],[Heart Issues]]) -> NO | M75: =IF(Table4[[#This Row],[BMI]]<18.5,"underweight",IF(Table4[[#This Row],[BMI]]< 24.9,"normal weight",IF(Table4[[#This Row],[BMI]]<29.9,"over weight","obesity"))) -> obesity | N75: =IF(Table4[[#This Row],[HBA1C]]<5.7,"normal",IF(Table4[[#This Row],[HBA1C]]< 6.4,"prediabetes","diabetes")) -> diabetes
A76: Id75 | B76: 53.61 | C76: 10.92 | D76: yes | E76: No | F76: No | G76: 1 | H76: yes | I76: =IF(Table4[[#This Row],[smoker]]="?","NO",Table4[[#This Row],[smoker]]) -> yes | J76: 1 | K76: =UPPER(Table4[[#This Row],[SMOKER 1]]) -> YES | L76: =UPPER(Table4[[#This Row],[Heart Issues]]) -> YES | M76: =IF(Table4[[#This Row],[BMI]]<18.5,"underweight",IF(Table4[[#This Row],[BMI]]< 24.9,"normal weight",IF(Table4[[#This Row],[BMI]]<29.9,"over weight","obesity"))) -> obesity | N76: =IF(Table4[[#This Row],[HBA1C]]<5.7,"normal",IF(Table4[[#This Row],[HBA1C]]< 6.4,"prediabetes","diabetes")) -> diabetes
A77: Id76 | B77: 36.19 | C77: 11.51 | D77: yes | E77: No | F77: No | G77: 1 | H77: yes | I77: =IF(Table4[[#This Row],[smoker]]="?","NO",Table4[[#This Row],[smoker]]) -> yes | J77: 1 | K77: =UPPER(Table4[[#This Row],[SMOKER 1]]) -> YES | L77: =UPPER(Table4[[#This Row],[Heart Issues]]) -> YES | M77: =IF(Table4[[#This Row],[BMI]]<18.5,"underweight",IF(Table4[[#This Row],[BMI]]< 24.9,"normal weight",IF(Table4[[#This Row],[BMI]]<29.9,"over weight","obesity"))) -> obesity | N77: =IF(Table4[[#This Row],[HBA1C]]<5.7,"normal",IF(Table4[[#This Row],[HBA1C]]< 6.4,"prediabetes","diabetes")) -> diabetes
A78: Id77 | B78: 34.6 | C78: 5.99 | D78: yes | E78: No | F78: No | G78: No major surgery | H78: yes | I78: =IF(Table4[[#This Row],[smoker]]="?","NO",Table4[[#This Row],[smoker]]) -> yes | J78: 0 | K78: =UPPER(Table4[[#This Row],[SMOKER 1]]) -> YES | L78: =UPPER(Table4[[#This Row],[Heart Issues]]) -> YES | M78: =IF(Table4[[#This Row],[BMI]]<18.5,"underweight",IF(Table4[[#This Row],[BMI]]< 24.9,"normal weight",IF(Table4[[#This Row],[BMI]]<29.9,"over weight","obesity"))) -> obesity | N78: =IF(Table4[[#This Row],[HBA1C]]<5.7,"normal",IF(Table4[[#This Row],[HBA1C]]< 6.4,"prediabetes","diabetes")) -> prediabetes
A79: Id78 | B79: 54.12 | C79: 11.57 | D79: No | E79: No | F79: No | G79: No major surgery | H79: yes | I79: =IF(Table4[[#This Row],[smoker]]="?","NO",Table4[[#This Row],[smoker]]) -> yes | J79: 0 | K79: =UPPER(Table4[[#This Row],[SMOKER 1]]) -> YES | L79: =UPPER(Table4[[#This Row],[Heart Issues]]) -> NO | M79: =IF(Table4[[#This Row],[BMI]]<18.5,"underweight",IF(Table4[[#This Row],[BMI]]< 24.9,"normal weight",IF(Table4[[#This Row],[BMI]]<29.9,"over weight","obesity"))) -> obesity | N79: =IF(Table4[[#This Row],[HBA1C]]<5.7,"normal",IF(Table4[[#This Row],[HBA1C]]< 6.4,"prediabetes","diabetes")) -> diabetes
A80: Id79 | B80: 48.82 | C80: 6.67 | D80: yes | E80: No | F80: No | G80: No major surgery | H80: yes | I80: =IF(Table4[[#This Row],[smoker]]="?","NO",Table4[[#This Row],[smoker]]) -> yes | J80: 0 | K80: =UPPER(Table4[[#This Row],[SMOKER 1]]) -> YES | L80: =UPPER(Table4[[#This Row],[Heart Issues]]) -> YES | M80: =IF(Table4[[#This Row],[BMI]]<18.5,"underweight",IF(Table4[[#This Row],[BMI]]< 24.9,"normal weight",IF(Table4[[#This Row],[BMI]]<29.9,"over weight","obesity"))) -> obesity | N80: =IF(Table4[[#This Row],[HBA1C]]<5.7,"normal",IF(Table4[[#This Row],[HBA1C]]< 6.4,"prediabetes","diabetes")) -> diabetes
A81: Id80 | B81: 51.01 | C81: 9.2 | D81: No | E81: No | F81: No | G81: No major surgery | H81: yes | I81: =IF(Table4[[#This Row],[smoker]]="?","NO",Table4[[#This Row],[smoker]]) -> yes | J81: 0 | K81: =UPPER(Table4[[#This Row],[SMOKER 1]]) -> YES | L81: =UPPER(Table4[[#This Row],[Heart Issues]]) -> NO | M81: =IF(Table4[[#This Row],[BMI]]<18.5,"underweight",IF(Table4[[#This Row],[BMI]]< 24.9,"normal weight",IF(Table4[[#This Row],[BMI]]<29.9,"over weight","obesity"))) -> obesity | N81: =IF(Table4[[#This Row],[HBA1C]]<5.7,"normal",IF(Table4[[#This Row],[HBA1C]]< 6.4,"prediabetes","diabetes")) -> diabetes
A82: Id81 | B82: 45.65 | C82: 5.11 | D82: yes | E82: No | F82: No | G82: 1 | H82: yes | I82: =IF(Table4[[#This Row],[smoker]]="?","NO",Table4[[#This Row],[smoker]]) -> yes | J82: 1 | K82: =UPPER(Table4[[#This Row],[SMOKER 1]]) -> YES | L82: =UPPER(Table4[[#This Row],[Heart Issues]]) -> YES | M82: =IF(Table4[[#This Row],[BMI]]<18.5,"underweight",IF(Table4[[#This Row],[BMI]]< 24.9,"normal weight",IF(Table4[[#This Row],[BMI]]<29.9,"over weight","obesity"))) -> obesity | N82: =IF(Table4[[#This Row],[HBA1C]]<5.7,"normal",IF(Table4[[#This Row],[HBA1C]]< 6.4,"prediabetes","diabetes")) -> normal
A83: Id82 | B83: 52.9 | C83: 5.34 | D83: No | E83: No | F83: No | G83: No major surgery | H83: yes | I83: =IF(Table4[[#This Row],[smoker]]="?","NO",Table4[[#This Row],[smoker]]) -> yes | J83: 0 | K83: =UPPER(Table4[[#This Row],[SMOKER 1]]) -> YES | L83: =UPPER(Table4[[#This Row],[Heart Issues]]) -> NO | M83: =IF(Table4[[#This Row],[BMI]]<18.5,"underweight",IF(Table4[[#This Row],[BMI]]< 24.9,"normal weight",IF(Table4[[#This Row],[BMI]]<29.9,"over weight","obesity"))) -> obesity | N83: =IF(Table4[[#This Row],[HBA1C]]<5.7,"normal",IF(Table4[[#This Row],[HBA1C]]< 6.4,"prediabetes","diabetes")) -> normal
A84: Id83 | B84: 45.41 | C84: 4.03 | D84: yes | E84: No | F84: No | G84: 1 | H84: yes | I84: =IF(Table4[[#This Row],[smoker]]="?","NO",Table4[[#This Row],[smoker]]) -> yes | J84: 1 | K84: =UPPER(Table4[[#This Row],[SMOKER 1]]) -> YES | L84: =UPPER(Table4[[#This Row],[Heart Issues]]) -> YES | M84: =IF(Table4[[#This Row],[BMI]]<18.5,"underweight",IF(Table4[[#This Row],[BMI]]< 24.9,"normal weight",IF(Table4[[#This Row],[BMI]]<29.9,"over weight","obesity"))) -> obesity | N84: =IF(Table4[[#This Row],[HBA1C]]<5.7,"normal",IF(Table4[[#This Row],[HBA1C]]< 6.4,"prediabetes","diabetes")) -> normal
A85: Id84 | B85: 49.41 | C85: 4.23 | D85: yes | E85: No | F85: Yes | G85: 1 | H85: yes | I85: =IF(Table4[[#This Row],[smoker]]="?","NO",Table4[[#This Row],[smoker]]) -> yes | J85: 1 | K85: =UPPER(Table4[[#This Row],[SMOKER 1]]) -> YES | L85: =UPPER(Table4[[#This Row],[Heart Issues]]) -> YES | M85: =IF(Table4[[#This Row],[BMI]]<18.5,"underweight",IF(Table4[[#This Row],[BMI]]< 24.9,"normal weight",IF(Table4[[#This Row],[BMI]]<29.9,"over weight","obesity"))) -> obesity | N85: =IF(Table4[[#This Row],[HBA1C]]<5.7,"normal",IF(Table4[[#This Row],[HBA1C]]< 6.4,"prediabetes","diabetes")) -> normal
A86: Id85 | B86: 31.825 | C86: 4.06 | D86: No | E86: No | F86: No | G86: 2 | H86: yes | I86: =IF(Table4[[#This Row],[smoker]]="?","NO",Table4[[#This Row],[smoker]]) -> yes | J86: 2 | K86: =UPPER(Table4[[#This Row],[SMOKER 1]]) -> YES | L86: =UPPER(Table4[[#This Row],[Heart Issues]]) -> NO | M86: =IF(Table4[[#This Row],[BMI]]<18.5,"underweight",IF(Table4[[#This Row],[BMI]]< 24.9,"normal weight",IF(Table4[[#This Row],[BMI]]<29.9,"over weight","obesity"))) -> obesity | N86: =IF(Table4[[#This Row],[HBA1C]]<5.7,"normal",IF(Table4[[#This Row],[HBA1C]]< 6.4,"prediabetes","diabetes")) -> normal
A87: Id86 | B87: 51.28 | C87: 4.68 | D87: No | E87: No | F87: No | G87: 2 | H87: yes | I87: =IF(Table4[[#This Row],[smoker]]="?","NO",Table4[[#This Row],[smoker]]) -> yes | J87: 2 | K87: =UPPER(Table4[[#This Row],[SMOKER 1]]) -> YES | L87: =UPPER(Table4[[#This Row],[Heart Issues]]) -> NO | M87: =IF(Table4[[#This Row],[BMI]]<18.5,"underweight",IF(Table4[[#This Row],[BMI]]< 24.9,"normal weight",IF(Table4[[#This Row],[BMI]]<29.9,"over weight","obesity"))) -> obesity | N87: =IF(Table4[[#This Row],[HBA1C]]<5.7,"normal",IF(Table4[[#This Row],[HBA1C]]< 6.4,"prediabetes","diabetes")) -> normal
A88: Id87 | B88: 34.96 | C88: 4.34 | D88: No | E88: No | F88: Yes | G88: 1 | H88: yes | I88: =IF(Table4[[#This Row],[smoker]]="?","NO",Table4[[#This Row],[smoker]]) -> yes | J88: 1 | K88: =UPPER(Table4[[#This Row],[SMOKER 1]]) -> YES | L88: =UPPER(Table4[[#This Row],[Heart Issues]]) -> NO | M88: =IF(Table4[[#This Row],[BMI]]<18.5,"underweight",IF(Table4[[#This Row],[BMI]]< 24.9,"normal weight",IF(Table4[[#This Row],[BMI]]<29.9,"over weight","obesity"))) -> obesity | N88: =IF(Table4[[#This Row],[HBA1C]]<5.7,"normal",IF(Table4[[#This Row],[HBA1C]]< 6.4,"prediabetes","diabetes")) -> normal
A89: Id88 | B89: 33.11 | C89: 10.51 | D89: No | E89: No | F89: No | G89: No major surgery | H89: yes | I89: =IF(Table4[[#This Row],[smoker]]="?","NO",Table4[[#This Row],[smoker]]) -> yes | J89: 0 | K89: =UPPER(Table4[[#This Row],[SMOKER 1]]) -> YES | L89: =UPPER(Table4[[#This Row],[Heart Issues]]) -> NO | M89: =IF(Table4[[#This Row],[BMI]]<18.5,"underweight",IF(Table4[[#This Row],[BMI]]< 24.9,"normal weight",IF(Table4[[#This Row],[BMI]]<29.9,"over weight","obesity"))) -> obesity | N89: =IF(Table4[[#This Row],[HBA1C]]<5.7,"normal",IF(Table4[[#This Row],[HBA1C]]< 6.4,"prediabetes","diabetes")) -> diabetes
A90: Id89 | B90: 54.74 | C90: 5.84 | D90: yes | E90: No | F90: Yes | G90: 1 | H90: yes | I90: =IF(Table4[[#This Row],[smoker]]="?","NO",Table4[[#This Row],[smoker]]) -> yes | J90: 1 | K90: =UPPER(Table4[[#This Row],[SMOKER 1]]) -> YES | L90: =UPPER(Table4[[#This Row],[Heart Issues]]) -> YES | M90: =IF(Table4[[#This Row],[BMI]]<18.5,"underweight",IF(Table4[[#This Row],[BMI]]< 24.9,"normal weight",IF(Table4[[#This Row],[BMI]]<29.9,"over weight","obesity"))) -> obesity | N90: =IF(Table4[[#This Row],[HBA1C]]<5.7,"normal",IF(Table4[[#This Row],[HBA1C]]< 6.4,"prediabetes","diabetes")) -> prediabetes
A91: Id90 | B91: 32.56 | C91: 5.41 | D91: No | E91: No | F91: Yes | G91: 1 | H91: yes | I91: =IF(Table4[[#This Row],[smoker]]="?","NO",Table4[[#This Row],[smoker]]) -> yes | J91: 1 | K91: =UPPER(Table4[[#This Row],[SMOKER 1]]) -> YES | L91: =UPPER(Table4[[#This Row],[Heart Issues]]) -> NO | M91: =IF(Table4[[#This Row],[BMI]]<18.5,"underweight",IF(Table4[[#This Row],[BMI]]< 24.9,"normal weight",IF(Table4[[#This Row],[BMI]]<29.9,"over weight","obesity"))) -> obesity | N91: =IF(Table4[[#This Row],[HBA1C]]<5.7,"normal",IF(Table4[[#This Row],[HBA1C]]< 6.4,"prediabetes","diabetes")) -> normal
A92: Id91 | B92: 39.05 | C92: 6.06 | D92: No | E92: No | F92: No | G92: 1 | H92: yes | I92: =IF(Table4[[#This Row],[smoker]]="?","NO",Table4[[#This Row],[smoker]]) -> yes | J92: 1 | K92: =UPPER(Table4[[#This Row],[SMOKER 1]]) -> YES | L92: =UPPER(Table4[[#This Row],[Heart Issues]]) -> NO | M92: =IF(Table4[[#This Row],[BMI]]<18.5,"underweight",IF(Table4[[#This Row],[BMI]]< 24.9,"normal weight",IF(Table4[[#This Row],[BMI]]<29.9,"over weight","obesity"))) -> obesity | N92: =IF(Table4[[#This Row],[HBA1C]]<5.7,"normal",IF(Table4[[#This Row],[HBA1C]]< 6.4,"prediabetes","diabetes")) -> prediabetes
A93: Id92 | B93: 42.75 | C93: 4.22 | D93: No | E93: No | F93: No | G93: No major surgery | H93: yes | I93: =IF(Table4[[#This Row],[smoker]]="?","NO",Table4[[#This Row],[smoker]]) -> yes | J93: 0 | K93: =UPPER(Table4[[#This Row],[SMOKER 1]]) -> YES | L93: =UPPER(Table4[[#This Row],[Heart Issues]]) -> NO | M93: =IF(Table4[[#This Row],[BMI]]<18.5,"underweight",IF(Table4[[#This Row],[BMI]]< 24.9,"normal weight",IF(Table4[[#This Row],[BMI]]<29.9,"over weight","obesity"))) -> obesity | N93: =IF(Table4[[#This Row],[HBA1C]]<5.7,"normal",IF(Table4[[#This Row],[HBA1C]]< 6.4,"prediabetes","diabetes")) -> normal
A94: Id93 | B94: 50.58 | C94: 5.12 | D94: No | E94: No | F94: No | G94: 2 | H94: yes | I94: =IF(Table4[[#This Row],[smoker]]="?","NO",Table4[[#This Row],[smoker]]) -> yes | J94: 2 | K94: =UPPER(Table4[[#This Row],[SMOKER 1]]) -> YES | L94: =UPPER(Table4[[#This Row],[Heart Issues]]) -> NO | M94: =IF(Table4[[#This Row],[BMI]]<18.5,"underweight",IF(Table4[[#This Row],[BMI]]< 24.9,"normal weight",IF(Table4[[#This Row],[BMI]]<29.9,"over weight","obesity"))) -> obesity | N94: =IF(Table4[[#This Row],[HBA1C]]<5.7,"normal",IF(Table4[[#This Row],[HBA1C]]< 6.4,"prediabetes","diabetes")) -> normal
A95: Id94 | B95: 30.495 | C95: 4.57 | D95: yes | E95: No | F95: No | G95: No major surgery | H95: yes | I95: =IF(Table4[[#This Row],[smoker]]="?","NO",Table4[[#This Row],[smoker]]) -> yes | J95: 0 | K95: =UPPER(Table4[[#This Row],[SMOKER 1]]) -> YES | L95: =UPPER(Table4[[#This Row],[Heart Issues]]) -> YES | M95: =IF(Table4[[#This Row],[BMI]]<18.5,"underweight",IF(Table4[[#This Row],[BMI]]< 24.9,"normal weight",IF(Table4[[#This Row],[BMI]]<29.9,"over weight","obesity"))) -> obesity | N95: =IF(Table4[[#This Row],[HBA1C]]<5.7,"normal",IF(Table4[[#This Row],[HBA1C]]< 6.4,"prediabetes","diabetes")) -> normal
A96: Id95 | B96: 48.31 | C96: 9.58 | D96: yes | E96: No | F96: No | G96: 2 | H96: yes | I96: =IF(Table4[[#This Row],[smoker]]="?","NO",Table4[[#This Row],[smoker]]) -> yes | J96: 2 | K96: =UPPER(Table4[[#This Row],[SMOKER 1]]) -> YES | L96: =UPPER(Table4[[#This Row],[Heart Issues]]) -> YES | M96: =IF(Table4[[#This Row],[BMI]]<18.5,"underweight",IF(Table4[[#This Row],[BMI]]< 24.9,"normal weight",IF(Table4[[#This Row],[BMI]]<29.9,"over weight","obesity"))) -> obesity | N96: =IF(Table4[[#This Row],[HBA1C]]<5.7,"normal",IF(Table4[[#This Row],[HBA1C]]< 6.4,"prediabetes","diabetes")) -> diabetes
A97: Id96 | B97: 48.99 | C97: 9.78 | D97: yes | E97: No | F97: No | G97: 1 | H97: yes | I97: =IF(Table4[[#This Row],[smoker]]="?","NO",Table4[[#This Row],[smoker]]) -> yes | J97: 1 | K97: =UPPER(Table4[[#This Row],[SMOKER 1]]) -> YES | L97: =UPPER(Table4[[#This Row],[Heart Issues]]) -> YES | M97: =IF(Table4[[#This Row],[BMI]]<18.5,"underweight",IF(Table4[[#This Row],[BMI]]< 24.9,"normal weight",IF(Table4[[#This Row],[BMI]]<29.9,"over weight","obesity"))) -> obesity | N97: =IF(Table4[[#This Row],[HBA1C]]<5.7,"normal",IF(Table4[[#This Row],[HBA1C]]< 6.4,"prediabetes","diabetes")) -> diabetes
A98: Id97 | B98: 38.39 | C98: 4.11 | D98: yes | E98: No | F98: No | G98: No major surgery | H98: yes | I98: =IF(Table4[[#This Row],[smoker]]="?","NO",Table4[[#This Row],[smoker]]) -> yes | J98: 0 | K98: =UPPER(Table4[[#This Row],[SMOKER 1]]) -> YES | L98: =UPPER(Table4[[#This Row],[Heart Issues]]) -> YES | M98: =IF(Table4[[#This Row],[BMI]]<18.5,"underweight",IF(Table4[[#This Row],[BMI]]< 24.9,"normal weight",IF(Table4[[#This Row],[BMI]]<29.9,"over weight","obesity"))) -> obesity | N98: =IF(Table4[[#This Row],[HBA1C]]<5.7,"normal",IF(Table4[[#This Row],[HBA1C]]< 6.4,"prediabetes","diabetes")) -> normal
A99: Id98 | B99: 44.34 | C99: 4.02 | D99: yes | E99: No | F99: No | G99: 2 | H99: yes | I99: =IF(Table4[[#This Row],[smoker]]="?","NO",Table4[[#This Row],[smoker]]) -> yes | J99: 2 | K99: =UPPER(Table4[[#This Row],[SMOKER 1]]) -> YES | L99: =UPPER(Table4[[#This Row],[Heart Issues]]) -> YES | M99: =IF(Table4[[#This Row],[BMI]]<18.5,"underweight",IF(Table4[[#This Row],[BMI]]< 24.9,"normal weight",IF(Table4[[#This Row],[BMI]]<29.9,"over weight","obesity"))) -> obesity | N99: =IF(Table4[[#This Row],[HBA1C]]<5.7,"normal",IF(Table4[[#This Row],[HBA1C]]< 6.4,"prediabetes","diabetes")) -> normal
A100: Id99 | B100: 41.51 | C100: 6.92 | D100: No | E100: No | F100: No | G100: No major surgery | H100: yes | I100: =IF(Table4[[#This Row],[smoker]]="?","NO",Table4[[#This Row],[smoker]]) -> yes | J100: 0 | K100: =UPPER(Table4[[#This Row],[SMOKER 1]]) -> YES | L100: =UPPER(Table4[[#This Row],[Heart Issues]]) -> NO | M100: =IF(Table4[[#This Row],[BMI]]<18.5,"underweight",IF(Table4[[#This Row],[BMI]]< 24.9,"normal weight",IF(Table4[[#This Row],[BMI]]<29.9,"over weight","obesity"))) -> obesity | N100: =IF(Table4[[#This Row],[HBA1C]]<5.7,"normal",IF(Table4[[#This Row],[HBA1C]]< 6.4,"prediabetes","diabetes")) -> diabetes
...

Sheet Hospitalisation Details
A1: Customer ID | B1: year | C1: month | D1: date | E1: children | F1: charges | G1: Hospital tier | H1: City tier | I1: State ID | J1: month2 | K1: year2 | L1: HOSPITAL TIER2 | M1: city tier2 | N1: state id2 | O1: date of birth | P1: age | Q1: charges2
A2: Id2335 | B2: 1992 | C2: Jul | D2: 9 | E2: 0 | F2: 563.84 | G2: tier - 2 | H2: tier - 3 | I2: R1013 | J2: =IF(Table3[[#This Row],[month]]="?","sep",Table3[[#This Row],[month]]) -> Jul | K2: =IF(Table3[[#This Row],[year]]="?","1983",Table3[[#This Row],[year]]) -> 1992 | L2: =IF(Table3[[#This Row],[Hospital tier]]="?","tier - 2",Table3[[#This Row],[Hospital tier]]) -> tier - 2 | M2: =IF(Table3[[#This Row],[City tier]]="?","tier - 2",Table3[[#This Row],[City tier]]) -> tier - 3 | N2: =IF(Table3[[#This Row],[State ID]]="?","unknown",Table3[[#This Row],[State ID]]) -> R1013 | O2: =CONCATENATE(Table3[[#This Row],[date]],"-",Table3[[#This Row],[month2]],"-",Table3[[#This Row],[year2]]) -> 9-Jul-1992 | P2: =DATEDIF(Table3[[#This Row],[date of birth]],DATE(2023,6,8),"y") -> 30 | Q2: 563.84
A3: Id2336 | B3: 1992 | C3: Nov | D3: 30 | E3: 0 | F3: 570.62 | G3: tier - 2 | H3: tier - 1 | I3: R1013 | J3: =IF(Table3[[#This Row],[month]]="?","sep",Table3[[#This Row],[month]]) -> Nov | K3: =IF(Table3[[#This Row],[year]]="?","1983",Table3[[#This Row],[year]]) -> 1992 | L3: =IF(Table3[[#This Row],[Hospital tier]]="?","tier - 2",Table3[[#This Row],[Hospital tier]]) -> tier - 2 | M3: =IF(Table3[[#This Row],[City tier]]="?","tier - 2",Table3[[#This Row],[City tier]]) -> tier - 1 | N3: =IF(Table3[[#This Row],[State ID]]="?","unknown",Table3[[#This Row],[State ID]]) -> R1013 | O3: =CONCATENATE(Table3[[#This Row],[date]],"-",Table3[[#This Row],[month2]],"-",Table3[[#This Row],[year2]]) -> 30-Nov-1992 | P3: =DATEDIF(Table3[[#This Row],[date of birth]],DATE(2023,6,8),"y") -> 30 | Q3: 570.62
A4: Id2337 | B4: 1993 | C4: Jun | D4: 30 | E4: 0 | F4: 600 | G4: tier - 2 | H4: tier - 1 | I4: R1013 | J4: =IF(Table3[[#This Row],[month]]="?","sep",Table3[[#This Row],[month]]) -> Jun | K4: =IF(Table3[[#This Row],[year]]="?","1983",Table3[[#This Row],[year]]) -> 1993 | L4: =IF(Table3[[#This Row],[Hospital tier]]="?","tier - 2",Table3[[#This Row],[Hospital tier]]) -> tier - 2 | M4: =IF(Table3[[#This Row],[City tier]]="?","tier - 2",Table3[[#This Row],[City tier]]) -> tier - 1 | N4: =IF(Table3[[#This Row],[State ID]]="?","unknown",Table3[[#This Row],[State ID]]) -> R1013 | O4: =CONCATENATE(Table3[[#This Row],[date]],"-",Table3[[#This Row],[month2]],"-",Table3[[#This Row],[year2]]) -> 30-Jun-1993 | P4: =DATEDIF(Table3[[#This Row],[date of birth]],DATE(2023,6,8),"y") -> 29 | Q4: 600 | S4: average of year | T4: =AVERAGE(Table3[year]) -> 1982.8415
A5: Id2338 | B5: 1992 | C5: Sep | D5: 13 | E5: 0 | F5: 604.54 | G5: tier - 3 | H5: tier - 3 | I5: R1013 | J5: =IF(Table3[[#This Row],[month]]="?","sep",Table3[[#This Row],[month]]) -> Sep | K5: =IF(Table3[[#This Row],[year]]="?","1983",Table3[[#This Row],[year]]) -> 1992 | L5: =IF(Table3[[#This Row],[Hospital tier]]="?","tier - 2",Table3[[#This Row],[Hospital tier]]) -> tier - 3 | M5: =IF(Table3[[#This Row],[City tier]]="?","tier - 2",Table3[[#This Row],[City tier]]) -> tier - 3 | N5: =IF(Table3[[#This Row],[State ID]]="?","unknown",Table3[[#This Row],[State ID]]) -> R1013 | O5: =CONCATENATE(Table3[[#This Row],[date]],"-",Table3[[#This Row],[month2]],"-",Table3[[#This Row],[year2]]) -> 13-Sep-1992 | P5: =DATEDIF(Table3[[#This Row],[date of birth]],DATE(2023,6,8),"y") -> 30 | Q5: 604.54
A6: Id2339 | B6: 1998 | C6: Jul | D6: 27 | E6: 0 | F6: 637.26 | G6: tier - 3 | H6: tier - 3 | I6: R1013 | J6: =IF(Table3[[#This Row],[month]]="?","sep",Table3[[#This Row],[month]]) -> Jul | K6: =IF(Table3[[#This Row],[year]]="?","1983",Table3[[#This Row],[year]]) -> 1998 | L6: =IF(Table3[[#This Row],[Hospital tier]]="?","tier - 2",Table3[[#This Row],[Hospital tier]]) -> tier - 3 | M6: =IF(Table3[[#This Row],[City tier]]="?","tier - 2",Table3[[#This Row],[City tier]]) -> tier - 3 | N6: =IF(Table3[[#This Row],[State ID]]="?","unknown",Table3[[#This Row],[State ID]]) -> R1013 | O6: =CONCATENATE(Table3[[#This Row],[date]],"-",Table3[[#This Row],[month2]],"-",Table3[[#This Row],[year2]]) -> 27-Jul-1998 | P6: =DATEDIF(Table3[[#This Row],[date of birth]],DATE(2023,6,8),"y") -> 24 | Q6: 637.26
A7: Id2340 | B7: 2001 | C7: Nov | D7: 20 | E7: 0 | F7: 646.14 | G7: tier - 3 | H7: tier - 3 | I7: R1012 | J7: =IF(Table3[[#This Row],[month]]="?","sep",Table3[[#This Row],[month]]) -> Nov | K7: =IF(Table3[[#This Row],[year]]="?","1983",Table3[[#This Row],[year]]) -> 2001 | L7: =IF(Table3[[#This Row],[Hospital tier]]="?","tier - 2",Table3[[#This Row],[Hospital tier]]) -> tier - 3 | M7: =IF(Table3[[#This Row],[City tier]]="?","tier - 2",Table3[[#This Row],[City tier]]) -> tier - 3 | N7: =IF(Table3[[#This Row],[State ID]]="?","unknown",Table3[[#This Row],[State ID]]) -> R1012 | O7: =CONCATENATE(Table3[[#This Row],[date]],"-",Table3[[#This Row],[month2]],"-",Table3[[#This Row],[year2]]) -> 20-Nov-2001 | P7: =DATEDIF(Table3[[#This Row],[date of birth]],DATE(2023,6,8),"y") -> 21 | Q7: 646.14 | S7: CUSTOMER ID | T7: =COUNTIF(A2:A2336,"?") -> 0
A8: Id2341 | B8: 1993 | C8: Jun | D8: 1 | E8: 0 | F8: 650 | G8: tier - 3 | H8: tier - 3 | I8: R1013 | J8: =IF(Table3[[#This Row],[month]]="?","sep",Table3[[#This Row],[month]]) -> Jun | K8: =IF(Table3[[#This Row],[year]]="?","1983",Table3[[#This Row],[year]]) -> 1993 | L8: =IF(Table3[[#This Row],[Hospital tier]]="?","tier - 2",Table3[[#This Row],[Hospital tier]]) -> tier - 3 | M8: =IF(Table3[[#This Row],[City tier]]="?","tier - 2",Table3[[#This Row],[City tier]]) -> tier - 3 | N8: =IF(Table3[[#This Row],[State ID]]="?","unknown",Table3[[#This Row],[State ID]]) -> R1013 | O8: =CONCATENATE(Table3[[#This Row],[date]],"-",Table3[[#This Row],[month2]],"-",Table3[[#This Row],[year2]]) -> 1-Jun-1993 | P8: =DATEDIF(Table3[[#This Row],[date of birth]],DATE(2023,6,8),"y") -> 30 | Q8: 650 | S8: YEAR | T8: =COUNTIF(B2:B2344,"?") -> 2
A9: Id2342 | B9: 1995 | C9: Jul | D9: 4 | E9: 0 | F9: 650 | G9: tier - 3 | H9: tier - 3 | I9: R1013 | J9: =IF(Table3[[#This Row],[month]]="?","sep",Table3[[#This Row],[month]]) -> Jul | K9: =IF(Table3[[#This Row],[year]]="?","1983",Table3[[#This Row],[year]]) -> 1995 | L9: =IF(Table3[[#This Row],[Hospital tier]]="?","tier - 2",Table3[[#This Row],[Hospital tier]]) -> tier - 3 | M9: =IF(Table3[[#This Row],[City tier]]="?","tier - 2",Table3[[#This Row],[City tier]]) -> tier - 3 | N9: =IF(Table3[[#This Row],[State ID]]="?","unknown",Table3[[#This Row],[State ID]]) -> R1013 | O9: =CONCATENATE(Table3[[#This Row],[date]],"-",Table3[[#This Row],[month2]],"-",Table3[[#This Row],[year2]]) -> 4-Jul-1995 | P9: =DATEDIF(Table3[[#This Row],[date of birth]],DATE(2023,6,8),"y") -> 27 | Q9: 650 | S9: month | T9: =COUNTIF(C2:C2344,"?") -> 3
A10: Id2343 | B10: 2002 | C10: Nov | D10: 29 | E10: 0 | F10: 668 | G10: tier - 3 | H10: tier - 2 | I10: R1012 | J10: =IF(Table3[[#This Row],[month]]="?","sep",Table3[[#This Row],[month]]) -> Nov | K10: =IF(Table3[[#This Row],[year]]="?","1983",Table3[[#This Row],[year]]) -> 2002 | L10: =IF(Table3[[#This Row],[Hospital tier]]="?","tier - 2",Table3[[#This Row],[Hospital tier]]) -> tier - 3 | M10: =IF(Table3[[#This Row],[City tier]]="?","tier - 2",Table3[[#This Row],[City tier]]) -> tier - 2 | N10: =IF(Table3[[#This Row],[State ID]]="?","unknown",Table3[[#This Row],[State ID]]) -> R1012 | O10: =CONCATENATE(Table3[[#This Row],[date]],"-",Table3[[#This Row],[month2]],"-",Table3[[#This Row],[year2]]) -> 29-Nov-2002 | P10: =DATEDIF(Table3[[#This Row],[date of birth]],DATE(2023,6,8),"y") -> 20 | Q10: 668 | S10: date | T10: =COUNTIF(D2:D2344,"?") -> 0
A11: Id2344 | B11: 1997 | C11: Nov | D11: 9 | E11: 0 | F11: 670 | G11: tier - 3 | H11: tier - 3 | I11: R1013 | J11: =IF(Table3[[#This Row],[month]]="?","sep",Table3[[#This Row],[month]]) -> Nov | K11: =IF(Table3[[#This Row],[year]]="?","1983",Table3[[#This Row],[year]]) -> 1997 | L11: =IF(Table3[[#This Row],[Hospital tier]]="?","tier - 2",Table3[[#This Row],[Hospital tier]]) -> tier - 3 | M11: =IF(Table3[[#This Row],[City tier]]="?","tier - 2",Table3[[#This Row],[City tier]]) -> tier - 3 | N11: =IF(Table3[[#This Row],[State ID]]="?","unknown",Table3[[#This Row],[State ID]]) -> R1013 | O11: =CONCATENATE(Table3[[#This Row],[date]],"-",Table3[[#This Row],[month2]],"-",Table3[[#This Row],[year2]]) -> 9-Nov-1997 | P11: =DATEDIF(Table3[[#This Row],[date of birth]],DATE(2023,6,8),"y") -> 25 | Q11: 670 | S11: children | T11: =COUNTIF(E2:E2344,"?") -> 0
A12: Id2345 | B12: 2001 | C12: Sep | D12: 12 | E12: 0 | F12: 687.54 | G12: tier - 3 | H12: tier - 2 | I12: R1013 | J12: =IF(Table3[[#This Row],[month]]="?","sep",Table3[[#This Row],[month]]) -> Sep | K12: =IF(Table3[[#This Row],[year]]="?","1983",Table3[[#This Row],[year]]) -> 2001 | L12: =IF(Table3[[#This Row],[Hospital tier]]="?","tier - 2",Table3[[#This Row],[Hospital tier]]) -> tier - 3 | M12: =IF(Table3[[#This Row],[City tier]]="?","tier - 2",Table3[[#This Row],[City tier]]) -> tier - 2 | N12: =IF(Table3[[#This Row],[State ID]]="?","unknown",Table3[[#This Row],[State ID]]) -> R1013 | O12: =CONCATENATE(Table3[[#This Row],[date]],"-",Table3[[#This Row],[month2]],"-",Table3[[#This Row],[year2]]) -> 12-Sep-2001 | P12: =DATEDIF(Table3[[#This Row],[date of birth]],DATE(2023,6,8),"y") -> 21 | Q12: 687.54 | S12: charges | T12: =COUNTIF(F2:F2344,"?") -> 0
A13: Id2346 | B13: 1999 | C13: Dec | D13: 26 | E13: 0 | F13: 700 | G13: ? | H13: tier - 3 | I13: R1013 | J13: =IF(Table3[[#This Row],[month]]="?","sep",Table3[[#This Row],[month]]) -> Dec | K13: =IF(Table3[[#This Row],[year]]="?","1983",Table3[[#This Row],[year]]) -> 1999 | L13: =IF(Table3[[#This Row],[Hospital tier]]="?","tier - 2",Table3[[#This Row],[Hospital tier]]) -> tier - 2 | M13: =IF(Table3[[#This Row],[City tier]]="?","tier - 2",Table3[[#This Row],[City tier]]) -> tier - 3 | N13: =IF(Table3[[#This Row],[State ID]]="?","unknown",Table3[[#This Row],[State ID]]) -> R1013 | O13: =CONCATENATE(Table3[[#This Row],[date]],"-",Table3[[#This Row],[month2]],"-",Table3[[#This Row],[year2]]) -> 26-Dec-1999 | P13: =DATEDIF(Table3[[#This Row],[date of birth]],DATE(2023,6,8),"y") -> 23 | Q13: 700 | S13: Hospital tier | T13: =COUNTIF(G2:G2344,"?") -> 1
A14: Id2347 | B14: 1999 | C14: Dec | D14: 14 | E14: 0 | F14: 722.99 | G14: tier - 3 | H14: tier - 1 | I14: R1013 | J14: =IF(Table3[[#This Row],[month]]="?","sep",Table3[[#This Row],[month]]) -> Dec | K14: =IF(Table3[[#This Row],[year]]="?","1983",Table3[[#This Row],[year]]) -> 1999 | L14: =IF(Table3[[#This Row],[Hospital tier]]="?","tier - 2",Table3[[#This Row],[Hospital tier]]) -> tier - 3 | M14: =IF(Table3[[#This Row],[City tier]]="?","tier - 2",Table3[[#This Row],[City tier]]) -> tier - 1 | N14: =IF(Table3[[#This Row],[State ID]]="?","unknown",Table3[[#This Row],[State ID]]) -> R1013 | O14: =CONCATENATE(Table3[[#This Row],[date]],"-",Table3[[#This Row],[month2]],"-",Table3[[#This Row],[year2]]) -> 14-Dec-1999 | P14: =DATEDIF(Table3[[#This Row],[date of birth]],DATE(2023,6,8),"y") -> 23 | Q14: 722.99 | S14: City tier | T14: =COUNTIF(H2:H2344,"?") -> 1
A15: Id2348 | B15: 2002 | C15: ? | D15: 19 | E15: 0 | F15: 750 | G15: tier - 3 | H15: tier - 1 | I15: R1012 | J15: =IF(Table3[[#This Row],[month]]="?","sep",Table3[[#This Row],[month]]) -> sep | K15: =IF(Table3[[#This Row],[year]]="?","1983",Table3[[#This Row],[year]]) -> 2002 | L15: =IF(Table3[[#This Row],[Hospital tier]]="?","tier - 2",Table3[[#This Row],[Hospital tier]]) -> tier - 3 | M15: =IF(Table3[[#This Row],[City tier]]="?","tier - 2",Table3[[#This Row],[City tier]]) -> tier - 1 | N15: =IF(Table3[[#This Row],[State ID]]="?","unknown",Table3[[#This Row],[State ID]]) -> R1012 | O15: =CONCATENATE(Table3[[#This Row],[date]],"-",Table3[[#This Row],[month2]],"-",Table3[[#This Row],[year2]]) -> 19-sep-2002 | P15: =DATEDIF(Table3[[#This Row],[date of birth]],DATE(2023,6,8),"y") -> 20 | Q15: 750 | S15: State ID | T15: =COUNTIF(I2:I2344,"?") -> 2
A16: Id2349 | B16: 1993 | C16: Aug | D16: 9 | E16: 0 | F16: 760 | G16: tier - 3 | H16: tier - 1 | I16: R1013 | J16: =IF(Table3[[#This Row],[month]]="?","sep",Table3[[#This Row],[month]]) -> Aug | K16: =IF(Table3[[#This Row],[year]]="?","1983",Table3[[#This Row],[year]]) -> 1993 | L16: =IF(Table3[[#This Row],[Hospital tier]]="?","tier - 2",Table3[[#This Row],[Hospital tier]]) -> tier - 3 | M16: =IF(Table3[[#This Row],[City tier]]="?","tier - 2",Table3[[#This Row],[City tier]]) -> tier - 1 | N16: =IF(Table3[[#This Row],[State ID]]="?","unknown",Table3[[#This Row],[State ID]]) -> R1013 | O16: =CONCATENATE(Table3[[#This Row],[date]],"-",Table3[[#This Row],[month2]],"-",Table3[[#This Row],[year2]]) -> 9-Aug-1993 | P16: =DATEDIF(Table3[[#This Row],[date of birth]],DATE(2023,6,8),"y") -> 29 | Q16: 760
A17: Id2350 | B17: 1996 | C17: Oct | D17: 22 | E17: 0 | F17: 760 | G17: tier - 3 | H17: tier - 3 | I17: R1013 | J17: =IF(Table3[[#This Row],[month]]="?","sep",Table3[[#This Row],[month]]) -> Oct | K17: =IF(Table3[[#This Row],[year]]="?","1983",Table3[[#This Row],[year]]) -> 1996 | L17: =IF(Table3[[#This Row],[Hospital tier]]="?","tier - 2",Table3[[#This Row],[Hospital tier]]) -> tier - 3 | M17: =IF(Table3[[#This Row],[City tier]]="?","tier - 2",Table3[[#This Row],[City tier]]) -> tier - 3 | N17: =IF(Table3[[#This Row],[State ID]]="?","unknown",Table3[[#This Row],[State ID]]) -> R1013 | O17: =CONCATENATE(Table3[[#This Row],[date]],"-",Table3[[#This Row],[month2]],"-",Table3[[#This Row],[year2]]) -> 22-Oct-1996 | P17: =DATEDIF(Table3[[#This Row],[date of birth]],DATE(2023,6,8),"y") -> 26 | Q17: 760
A18: Id2351 | B18: 1993 | C18: Jun | D18: 28 | E18: 0 | F18: 770 | G18: tier - 3 | H18: tier - 3 | I18: R1013 | J18: =IF(Table3[[#This Row],[month]]="?","sep",Table3[[#This Row],[month]]) -> Jun | K18: =IF(Table3[[#This Row],[year]]="?","1983",Table3[[#This Row],[year]]) -> 1993 | L18: =IF(Table3[[#This Row],[Hospital tier]]="?","tier - 2",Table3[[#This Row],[Hospital tier]]) -> tier - 3 | M18: =IF(Table3[[#This Row],[City tier]]="?","tier - 2",Table3[[#This Row],[City tier]]) -> tier - 3 | N18: =IF(Table3[[#This Row],[State ID]]="?","unknown",Table3[[#This Row],[State ID]]) -> R1013 | O18: =CONCATENATE(Table3[[#This Row],[date]],"-",Table3[[#This Row],[month2]],"-",Table3[[#This Row],[year2]]) -> 28-Jun-1993 | P18: =DATEDIF(Table3[[#This Row],[date of birth]],DATE(2023,6,8),"y") -> 29 | Q18: 770 | S18: Mode of hosptl tier
A19: Id2352 | B19: 1996 | C19: ? | D19: 18 | E19: 0 | F19: 770.38 | G19: tier - 3 | H19: ? | I19: R1012 | J19: =IF(Table3[[#This Row],[month]]="?","sep",Table3[[#This Row],[month]]) -> sep | K19: =IF(Table3[[#This Row],[year]]="?","1983",Table3[[#This Row],[year]]) -> 1996 | L19: =IF(Table3[[#This Row],[Hospital tier]]="?","tier - 2",Table3[[#This Row],[Hospital tier]]) -> tier - 3 | M19: =IF(Table3[[#This Row],[City tier]]="?","tier - 2",Table3[[#This Row],[City tier]]) -> tier - 2 | N19: =IF(Table3[[#This Row],[State ID]]="?","unknown",Table3[[#This Row],[State ID]]) -> R1012 | O19: =CONCATENATE(Table3[[#This Row],[date]],"-",Table3[[#This Row],[month2]],"-",Table3[[#This Row],[year2]]) -> 18-sep-1996 | P19: =DATEDIF(Table3[[#This Row],[date of birth]],DATE(2023,6,8),"y") -> 26 | Q19: 770.38 | S19: Row Labels | T19: Count of Hospital tier
A20: Id2353 | B20: 1995 | C20: Dec | D20: 7 | E20: 0 | F20: 773.54 | G20: tier - 3 | H20: tier - 2 | I20: R1013 | J20: =IF(Table3[[#This Row],[month]]="?","sep",Table3[[#This Row],[month]]) -> Dec | K20: =IF(Table3[[#This Row],[year]]="?","1983",Table3[[#This Row],[year]]) -> 1995 | L20: =IF(Table3[[#This Row],[Hospital tier]]="?","tier - 2",Table3[[#This Row],[Hospital tier]]) -> tier - 3 | M20: =IF(Table3[[#This Row],[City tier]]="?","tier - 2",Table3[[#This Row],[City tier]]) -> tier - 2 | N20: =IF(Table3[[#This Row],[State ID]]="?","unknown",Table3[[#This Row],[State ID]]) -> R1013 | O20: =CONCATENATE(Table3[[#This Row],[date]],"-",Table3[[#This Row],[month2]],"-",Table3[[#This Row],[year2]]) -> 7-Dec-1995 | P20: =DATEDIF(Table3[[#This Row],[date of birth]],DATE(2023,6,8),"y") -> 27 | Q20: 773.54 | S20: ? | T20: 1
A21: Id2354 | B21: 2004 | C21: Oct | D21: 7 | E21: 0 | F21: 830.52 | G21: tier - 3 | H21: tier - 2 | I21: R1011 | J21: =IF(Table3[[#This Row],[month]]="?","sep",Table3[[#This Row],[month]]) -> Oct | K21: =IF(Table3[[#This Row],[year]]="?","1983",Table3[[#This Row],[year]]) -> 2004 | L21: =IF(Table3[[#This Row],[Hospital tier]]="?","tier - 2",Table3[[#This Row],[Hospital tier]]) -> tier - 3 | M21: =IF(Table3[[#This Row],[City tier]]="?","tier - 2",Table3[[#This Row],[City tier]]) -> tier - 2 | N21: =IF(Table3[[#This Row],[State ID]]="?","unknown",Table3[[#This Row],[State ID]]) -> R1011 | O21: =CONCATENATE(Table3[[#This Row],[date]],"-",Table3[[#This Row],[month2]],"-",Table3[[#This Row],[year2]]) -> 7-Oct-2004 | P21: =DATEDIF(Table3[[#This Row],[date of birth]],DATE(2023,6,8),"y") -> 18 | Q21: 830.52 | S21: tier - 1 | T21: 309
A22: Id2355 | B22: 2000 | C22: Nov | D22: 18 | E22: 0 | F22: 865.41 | G22: tier - 3 | H22: tier - 1 | I22: R1013 | J22: =IF(Table3[[#This Row],[month]]="?","sep",Table3[[#This Row],[month]]) -> Nov | K22: =IF(Table3[[#This Row],[year]]="?","1983",Table3[[#This Row],[year]]) -> 2000 | L22: =IF(Table3[[#This Row],[Hospital tier]]="?","tier - 2",Table3[[#This Row],[Hospital tier]]) -> tier - 3 | M22: =IF(Table3[[#This Row],[City tier]]="?","tier - 2",Table3[[#This Row],[City tier]]) -> tier - 1 | N22: =IF(Table3[[#This Row],[State ID]]="?","unknown",Table3[[#This Row],[State ID]]) -> R1013 | O22: =CONCATENATE(Table3[[#This Row],[date]],"-",Table3[[#This Row],[month2]],"-",Table3[[#This Row],[year2]]) -> 18-Nov-2000 | P22: =DATEDIF(Table3[[#This Row],[date of birth]],DATE(2023,6,8),"y") -> 22 | Q22: 865.41 | S22: tier - 2 | T22: 1339
A23: Id2356 | B23: 1993 | C23: Nov | D23: 27 | E23: 0 | F23: 896.21 | G23: tier - 3 | H23: tier - 1 | I23: R1013 | J23: =IF(Table3[[#This Row],[month]]="?","sep",Table3[[#This Row],[month]]) -> Nov | K23: =IF(Table3[[#This Row],[year]]="?","1983",Table3[[#This Row],[year]]) -> 1993 | L23: =IF(Table3[[#This Row],[Hospital tier]]="?","tier - 2",Table3[[#This Row],[Hospital tier]]) -> tier - 3 | M23: =IF(Table3[[#This Row],[City tier]]="?","tier - 2",Table3[[#This Row],[City tier]]) -> tier - 1 | N23: =IF(Table3[[#This Row],[State ID]]="?","unknown",Table3[[#This Row],[State ID]]) -> R1013 | O23: =CONCATENATE(Table3[[#This Row],[date]],"-",Table3[[#This Row],[month2]],"-",Table3[[#This Row],[year2]]) -> 27-Nov-1993 | P23: =DATEDIF(Table3[[#This Row],[date of birth]],DATE(2023,6,8),"y") -> 29 | Q23: 896.21 | S23: tier - 3 | T23: 694
A24: Id2357 | B24: 1994 | C24: Oct | D24: 30 | E24: 0 | F24: 915.07 | G24: tier - 3 | H24: tier - 1 | I24: R1013 | J24: =IF(Table3[[#This Row],[month]]="?","sep",Table3[[#This Row],[month]]) -> Oct | K24: =IF(Table3[[#This Row],[year]]="?","1983",Table3[[#This Row],[year]]) -> 1994 | L24: =IF(Table3[[#This Row],[Hospital tier]]="?","tier - 2",Table3[[#This Row],[Hospital tier]]) -> tier - 3 | M24: =IF(Table3[[#This Row],[City tier]]="?","tier - 2",Table3[[#This Row],[City tier]]) -> tier - 1 | N24: =IF(Table3[[#This Row],[State ID]]="?","unknown",Table3[[#This Row],[State ID]]) -> R1013 | O24: =CONCATENATE(Table3[[#This Row],[date]],"-",Table3[[#This Row],[month2]],"-",Table3[[#This Row],[year2]]) -> 30-Oct-1994 | P24: =DATEDIF(Table3[[#This Row],[date of birth]],DATE(2023,6,8),"y") -> 28 | Q24: 915.07 | S24: Grand Total | T24: 2343
A25: Id2358 | B25: 1995 | C25: Oct | D25: 28 | E25: 0 | F25: 928.59 | G25: tier - 3 | H25: tier - 1 | I25: R1013 | J25: =IF(Table3[[#This Row],[month]]="?","sep",Table3[[#This Row],[month]]) -> Oct | K25: =IF(Table3[[#This Row],[year]]="?","1983",Table3[[#This Row],[year]]) -> 1995 | L25: =IF(Table3[[#This Row],[Hospital tier]]="?","tier - 2",Table3[[#This Row],[Hospital tier]]) -> tier - 3 | M25: =IF(Table3[[#This Row],[City tier]]="?","tier - 2",Table3[[#This Row],[City tier]]) -> tier - 1 | N25: =IF(Table3[[#This Row],[State ID]]="?","unknown",Table3[[#This Row],[State ID]]) -> R1013 | O25: =CONCATENATE(Table3[[#This Row],[date]],"-",Table3[[#This Row],[month2]],"-",Table3[[#This Row],[year2]]) -> 28-Oct-1995 | P25: =DATEDIF(Table3[[#This Row],[date of birth]],DATE(2023,6,8),"y") -> 27 | Q25: 928.59
A26: Id2359 | B26: 2001 | C26: Aug | D26: 19 | E26: 0 | F26: 964.71 | G26: tier - 3 | H26: tier - 2 | I26: R1013 | J26: =IF(Table3[[#This Row],[month]]="?","sep",Table3[[#This Row],[month]]) -> Aug | K26: =IF(Table3[[#This Row],[year]]="?","1983",Table3[[#This Row],[year]]) -> 2001 | L26: =IF(Table3[[#This Row],[Hospital tier]]="?","tier - 2",Table3[[#This Row],[Hospital tier]]) -> tier - 3 | M26: =IF(Table3[[#This Row],[City tier]]="?","tier - 2",Table3[[#This Row],[City tier]]) -> tier - 2 | N26: =IF(Table3[[#This Row],[State ID]]="?","unknown",Table3[[#This Row],[State ID]]) -> R1013 | O26: =CONCATENATE(Table3[[#This Row],[date]],"-",Table3[[#This Row],[month2]],"-",Table3[[#This Row],[year2]]) -> 19-Aug-2001 | P26: =DATEDIF(Table3[[#This Row],[date of birth]],DATE(2023,6,8),"y") -> 21 | Q26: 964.71
A27: Id2360 | B27: 1994 | C27: Nov | D27: 22 | E27: 0 | F27: 1006.65 | G27: tier - 3 | H27: tier - 2 | I27: R1013 | J27: =IF(Table3[[#This Row],[month]]="?","sep",Table3[[#This Row],[month]]) -> Nov | K27: =IF(Table3[[#This Row],[year]]="?","1983",Table3[[#This Row],[year]]) -> 1994 | L27: =IF(Table3[[#This Row],[Hospital tier]]="?","tier - 2",Table3[[#This Row],[Hospital tier]]) -> tier - 3 | M27: =IF(Table3[[#This Row],[City tier]]="?","tier - 2",Table3[[#This Row],[City tier]]) -> tier - 2 | N27: =IF(Table3[[#This Row],[State ID]]="?","unknown",Table3[[#This Row],[State ID]]) -> R1013 | O27: =CONCATENATE(Table3[[#This Row],[date]],"-",Table3[[#This Row],[month2]],"-",Table3[[#This Row],[year2]]) -> 22-Nov-1994 | P27: =DATEDIF(Table3[[#This Row],[date of birth]],DATE(2023,6,8),"y") -> 28 | Q27: 1006.65 | S27: Mode of city tier
A28: Id2361 | B28: 2000 | C28: Oct | D28: 9 | E28: 0 | F28: 1012 | G28: tier - 3 | H28: tier - 2 | I28: R1013 | J28: =IF(Table3[[#This Row],[month]]="?","sep",Table3[[#This Row],[month]]) -> Oct | K28: =IF(Table3[[#This Row],[year]]="?","1983",Table3[[#This Row],[year]]) -> 2000 | L28: =IF(Table3[[#This Row],[Hospital tier]]="?","tier - 2",Table3[[#This Row],[Hospital tier]]) -> tier - 3 | M28: =IF(Table3[[#This Row],[City tier]]="?","tier - 2",Table3[[#This Row],[City tier]]) -> tier - 2 | N28: =IF(Table3[[#This Row],[State ID]]="?","unknown",Table3[[#This Row],[State ID]]) -> R1013 | O28: =CONCATENATE(Table3[[#This Row],[date]],"-",Table3[[#This Row],[month2]],"-",Table3[[#This Row],[year2]]) -> 9-Oct-2000 | P28: =DATEDIF(Table3[[#This Row],[date of birth]],DATE(2023,6,8),"y") -> 22 | Q28: 1012 | S28: Row Labels | T28: Count of City tier
A29: Id2362 | B29: 1999 | C29: Aug | D29: 5 | E29: 0 | F29: 1019 | G29: tier - 3 | H29: tier - 2 | I29: R1013 | J29: =IF(Table3[[#This Row],[month]]="?","sep",Table3[[#This Row],[month]]) -> Aug | K29: =IF(Table3[[#This Row],[year]]="?","1983",Table3[[#This Row],[year]]) -> 1999 | L29: =IF(Table3[[#This Row],[Hospital tier]]="?","tier - 2",Table3[[#This Row],[Hospital tier]]) -> tier - 3 | M29: =IF(Table3[[#This Row],[City tier]]="?","tier - 2",Table3[[#This Row],[City tier]]) -> tier - 2 | N29: =IF(Table3[[#This Row],[State ID]]="?","unknown",Table3[[#This Row],[State ID]]) -> R1013 | O29: =CONCATENATE(Table3[[#This Row],[date]],"-",Table3[[#This Row],[month2]],"-",Table3[[#This Row],[year2]]) -> 5-Aug-1999 | P29: =DATEDIF(Table3[[#This Row],[date of birth]],DATE(2023,6,8),"y") -> 23 | Q29: 1019 | S29: ? | T29: 1
A30: Id2363 | B30: 1995 | C30: Oct | D30: 5 | E30: 0 | F30: 1033.74 | G30: tier - 3 | H30: tier - 1 | I30: R1013 | J30: =IF(Table3[[#This Row],[month]]="?","sep",Table3[[#This Row],[month]]) -> Oct | K30: =IF(Table3[[#This Row],[year]]="?","1983",Table3[[#This Row],[year]]) -> 1995 | L30: =IF(Table3[[#This Row],[Hospital tier]]="?","tier - 2",Table3[[#This Row],[Hospital tier]]) -> tier - 3 | M30: =IF(Table3[[#This Row],[City tier]]="?","tier - 2",Table3[[#This Row],[City tier]]) -> tier - 1 | N30: =IF(Table3[[#This Row],[State ID]]="?","unknown",Table3[[#This Row],[State ID]]) -> R1013 | O30: =CONCATENATE(Table3[[#This Row],[date]],"-",Table3[[#This Row],[month2]],"-",Table3[[#This Row],[year2]]) -> 5-Oct-1995 | P30: =DATEDIF(Table3[[#This Row],[date of birth]],DATE(2023,6,8),"y") -> 27 | Q30: 1033.74 | S30: tier - 1 | T30: 734
A31: Id2364 | B31: 1994 | C31: Nov | D31: 17 | E31: 0 | F31: 1044 | G31: tier - 3 | H31: tier - 2 | I31: R1013 | J31: =IF(Table3[[#This Row],[month]]="?","sep",Table3[[#This Row],[month]]) -> Nov | K31: =IF(Table3[[#This Row],[year]]="?","1983",Table3[[#This Row],[year]]) -> 1994 | L31: =IF(Table3[[#This Row],[Hospital tier]]="?","tier - 2",Table3[[#This Row],[Hospital tier]]) -> tier - 3 | M31: =IF(Table3[[#This Row],[City tier]]="?","tier - 2",Table3[[#This Row],[City tier]]) -> tier - 2 | N31: =IF(Table3[[#This Row],[State ID]]="?","unknown",Table3[[#This Row],[State ID]]) -> R1013 | O31: =CONCATENATE(Table3[[#This Row],[date]],"-",Table3[[#This Row],[month2]],"-",Table3[[#This Row],[year2]]) -> 17-Nov-1994 | P31: =DATEDIF(Table3[[#This Row],[date of birth]],DATE(2023,6,8),"y") -> 28 | Q31: 1044 | S31: tier - 2 | T31: 812
A32: Id2365 | B32: 2002 | C32: Jul | D32: 20 | E32: 0 | F32: 1047 | G32: tier - 3 | H32: tier - 1 | I32: R1013 | J32: =IF(Table3[[#This Row],[month]]="?","sep",Table3[[#This Row],[month]]) -> Jul | K32: =IF(Table3[[#This Row],[year]]="?","1983",Table3[[#This Row],[year]]) -> 2002 | L32: =IF(Table3[[#This Row],[Hospital tier]]="?","tier - 2",Table3[[#This Row],[Hospital tier]]) -> tier - 3 | M32: =IF(Table3[[#This Row],[City tier]]="?","tier - 2",Table3[[#This Row],[City tier]]) -> tier - 1 | N32: =IF(Table3[[#This Row],[State ID]]="?","unknown",Table3[[#This Row],[State ID]]) -> R1013 | O32: =CONCATENATE(Table3[[#This Row],[date]],"-",Table3[[#This Row],[month2]],"-",Table3[[#This Row],[year2]]) -> 20-Jul-2002 | P32: =DATEDIF(Table3[[#This Row],[date of birth]],DATE(2023,6,8),"y") -> 20 | Q32: 1047 | S32: tier - 3 | T32: 796
A33: Id2366 | B33: 2002 | C33: Jul | D33: 1 | E33: 0 | F33: 1049 | G33: tier - 3 | H33: tier - 2 | I33: R1012 | J33: =IF(Table3[[#This Row],[month]]="?","sep",Table3[[#This Row],[month]]) -> Jul | K33: =IF(Table3[[#This Row],[year]]="?","1983",Table3[[#This Row],[year]]) -> 2002 | L33: =IF(Table3[[#This Row],[Hospital tier]]="?","tier - 2",Table3[[#This Row],[Hospital tier]]) -> tier - 3 | M33: =IF(Table3[[#This Row],[City tier]]="?","tier - 2",Table3[[#This Row],[City tier]]) -> tier - 2 | N33: =IF(Table3[[#This Row],[State ID]]="?","unknown",Table3[[#This Row],[State ID]]) -> R1012 | O33: =CONCATENATE(Table3[[#This Row],[date]],"-",Table3[[#This Row],[month2]],"-",Table3[[#This Row],[year2]]) -> 1-Jul-2002 | P33: =DATEDIF(Table3[[#This Row],[date of birth]],DATE(2023,6,8),"y") -> 20 | Q33: 1049 | S33: Grand Total | T33: 2343
A34: Id2367 | B34: 1995 | C34: Jun | D34: 1 | E34: 0 | F34: 1056 | G34: tier - 3 | H34: tier - 2 | I34: R1013 | J34: =IF(Table3[[#This Row],[month]]="?","sep",Table3[[#This Row],[month]]) -> Jun | K34: =IF(Table3[[#This Row],[year]]="?","1983",Table3[[#This Row],[year]]) -> 1995 | L34: =IF(Table3[[#This Row],[Hospital tier]]="?","tier - 2",Table3[[#This Row],[Hospital tier]]) -> tier - 3 | M34: =IF(Table3[[#This Row],[City tier]]="?","tier - 2",Table3[[#This Row],[City tier]]) -> tier - 2 | N34: =IF(Table3[[#This Row],[State ID]]="?","unknown",Table3[[#This Row],[State ID]]) -> R1013 | O34: =CONCATENATE(Table3[[#This Row],[date]],"-",Table3[[#This Row],[month2]],"-",Table3[[#This Row],[year2]]) -> 1-Jun-1995 | P34: =DATEDIF(Table3[[#This Row],[date of birth]],DATE(2023,6,8),"y") -> 28 | Q34: 1056
A35: Id2368 | B35: 1993 | C35: Sep | D35: 28 | E35: 0 | F35: 1068 | G35: tier - 3 | H35: tier - 1 | I35: R1013 | J35: =IF(Table3[[#This Row],[month]]="?","sep",Table3[[#This Row],[month]]) -> Sep | K35: =IF(Table3[[#This Row],[year]]="?","1983",Table3[[#This Row],[year]]) -> 1993 | L35: =IF(Table3[[#This Row],[Hospital tier]]="?","tier - 2",Table3[[#This Row],[Hospital tier]]) -> tier - 3 | M35: =IF(Table3[[#This Row],[City tier]]="?","tier - 2",Table3[[#This Row],[City tier]]) -> tier - 1 | N35: =IF(Table3[[#This Row],[State ID]]="?","unknown",Table3[[#This Row],[State ID]]) -> R1013 | O35: =CONCATENATE(Table3[[#This Row],[date]],"-",Table3[[#This Row],[month2]],"-",Table3[[#This Row],[year2]]) -> 28-Sep-1993 | P35: =DATEDIF(Table3[[#This Row],[date of birth]],DATE(2023,6,8),"y") -> 29 | Q35: 1068
A36: Id2369 | B36: 2004 | C36: Aug | D36: 24 | E36: 0 | F36: 1070 | G36: tier - 3 | H36: tier - 3 | I36: R1013 | J36: =IF(Table3[[#This Row],[month]]="?","sep",Table3[[#This Row],[month]]) -> Aug | K36: =IF(Table3[[#This Row],[year]]="?","1983",Table3[[#This Row],[year]]) -> 2004 | L36: =IF(Table3[[#This Row],[Hospital tier]]="?","tier - 2",Table3[[#This Row],[Hospital tier]]) -> tier - 3 | M36: =IF(Table3[[#This Row],[City tier]]="?","tier - 2",Table3[[#This Row],[City tier]]) -> tier - 3 | N36: =IF(Table3[[#This Row],[State ID]]="?","unknown",Table3[[#This Row],[State ID]]) -> R1013 | O36: =CONCATENATE(Table3[[#This Row],[date]],"-",Table3[[#This Row],[month2]],"-",Table3[[#This Row],[year2]]) -> 24-Aug-2004 | P36: =DATEDIF(Table3[[#This Row],[date of birth]],DATE(2023,6,8),"y") -> 18 | Q36: 1070
A37: Id2370 | B37: 1997 | C37: Aug | D37: 13 | E37: 0 | F37: 1071 | G37: tier - 3 | H37: tier - 3 | I37: R1013 | J37: =IF(Table3[[#This Row],[month]]="?","sep",Table3[[#This Row],[month]]) -> Aug | K37: =IF(Table3[[#This Row],[year]]="?","1983",Table3[[#This Row],[year]]) -> 1997 | L37: =IF(Table3[[#This Row],[Hospital tier]]="?","tier - 2",Table3[[#This Row],[Hospital tier]]) -> tier - 3 | M37: =IF(Table3[[#This Row],[City tier]]="?","tier - 2",Table3[[#This Row],[City tier]]) -> tier - 3 | N37: =IF(Table3[[#This Row],[State ID]]="?","unknown",Table3[[#This Row],[State ID]]) -> R1013 | O37: =CONCATENATE(Table3[[#This Row],[date]],"-",Table3[[#This Row],[month2]],"-",Table3[[#This Row],[year2]]) -> 13-Aug-1997 | P37: =DATEDIF(Table3[[#This Row],[date of birth]],DATE(2023,6,8),"y") -> 25 | Q37: 1071
A38: Id2371 | B38: 1998 | C38: Dec | D38: 26 | E38: 0 | F38: 1082 | G38: tier - 3 | H38: tier - 2 | I38: R1013 | J38: =IF(Table3[[#This Row],[month]]="?","sep",Table3[[#This Row],[month]]) -> Dec | K38: =IF(Table3[[#This Row],[year]]="?","1983",Table3[[#This Row],[year]]) -> 1998 | L38: =IF(Table3[[#This Row],[Hospital tier]]="?","tier - 2",Table3[[#This Row],[Hospital tier]]) -> tier - 3 | M38: =IF(Table3[[#This Row],[City tier]]="?","tier - 2",Table3[[#This Row],[City tier]]) -> tier - 2 | N38: =IF(Table3[[#This Row],[State ID]]="?","unknown",Table3[[#This Row],[State ID]]) -> R1013 | O38: =CONCATENATE(Table3[[#This Row],[date]],"-",Table3[[#This Row],[month2]],"-",Table3[[#This Row],[year2]]) -> 26-Dec-1998 | P38: =DATEDIF(Table3[[#This Row],[date of birth]],DATE(2023,6,8),"y") -> 24 | Q38: 1082
A39: Id2372 | B39: 2002 | C39: Aug | D39: 13 | E39: 0 | F39: 1086 | G39: tier - 3 | H39: tier - 3 | I39: R1013 | J39: =IF(Table3[[#This Row],[month]]="?","sep",Table3[[#This Row],[month]]) -> Aug | K39: =IF(Table3[[#This Row],[year]]="?","1983",Table3[[#This Row],[year]]) -> 2002 | L39: =IF(Table3[[#This Row],[Hospital tier]]="?","tier - 2",Table3[[#This Row],[Hospital tier]]) -> tier - 3 | M39: =IF(Table3[[#This Row],[City tier]]="?","tier - 2",Table3[[#This Row],[City tier]]) -> tier - 3 | N39: =IF(Table3[[#This Row],[State ID]]="?","unknown",Table3[[#This Row],[State ID]]) -> R1013 | O39: =CONCATENATE(Table3[[#This Row],[date]],"-",Table3[[#This Row],[month2]],"-",Table3[[#This Row],[year2]]) -> 13-Aug-2002 | P39: =DATEDIF(Table3[[#This Row],[date of birth]],DATE(2023,6,8),"y") -> 20 | Q39: 1086
A40: Id2373 | B40: 2004 | C40: Nov | D40: 12 | E40: 0 | F40: 1121.87 | G40: tier - 3 | H40: tier - 1 | I40: R1013 | J40: =IF(Table3[[#This Row],[month]]="?","sep",Table3[[#This Row],[month]]) -> Nov | K40: =IF(Table3[[#This Row],[year]]="?","1983",Table3[[#This Row],[year]]) -> 2004 | L40: =IF(Table3[[#This Row],[Hospital tier]]="?","tier - 2",Table3[[#This Row],[Hospital tier]]) -> tier - 3 | M40: =IF(Table3[[#This Row],[City tier]]="?","tier - 2",Table3[[#This Row],[City tier]]) -> tier - 1 | N40: =IF(Table3[[#This Row],[State ID]]="?","unknown",Table3[[#This Row],[State ID]]) -> R1013 | O40: =CONCATENATE(Table3[[#This Row],[date]],"-",Table3[[#This Row],[month2]],"-",Table3[[#This Row],[year2]]) -> 12-Nov-2004 | P40: =DATEDIF(Table3[[#This Row],[date of birth]],DATE(2023,6,8),"y") -> 18 | Q40: 1121.87
A41: Id2374 | B41: 2004 | C41: Jun | D41: 14 | E41: 0 | F41: 1131.51 | G41: tier - 3 | H41: tier - 1 | I41: R1013 | J41: =IF(Table3[[#This Row],[month]]="?","sep",Table3[[#This Row],[month]]) -> Jun | K41: =IF(Table3[[#This Row],[year]]="?","1983",Table3[[#This Row],[year]]) -> 2004 | L41: =IF(Table3[[#This Row],[Hospital tier]]="?","tier - 2",Table3[[#This Row],[Hospital tier]]) -> tier - 3 | M41: =IF(Table3[[#This Row],[City tier]]="?","tier - 2",Table3[[#This Row],[City tier]]) -> tier - 1 | N41: =IF(Table3[[#This Row],[State ID]]="?","unknown",Table3[[#This Row],[State ID]]) -> R1013 | O41: =CONCATENATE(Table3[[#This Row],[date]],"-",Table3[[#This Row],[month2]],"-",Table3[[#This Row],[year2]]) -> 14-Jun-2004 | P41: =DATEDIF(Table3[[#This Row],[date of birth]],DATE(2023,6,8),"y") -> 18 | Q41: 1131.51
A42: Id2375 | B42: 2002 | C42: Jul | D42: 19 | E42: 0 | F42: 1132 | G42: tier - 3 | H42: tier - 1 | I42: R1013 | J42: =IF(Table3[[#This Row],[month]]="?","sep",Table3[[#This Row],[month]]) -> Jul | K42: =IF(Table3[[#This Row],[year]]="?","1983",Table3[[#This Row],[year]]) -> 2002 | L42: =IF(Table3[[#This Row],[Hospital tier]]="?","tier - 2",Table3[[#This Row],[Hospital tier]]) -> tier - 3 | M42: =IF(Table3[[#This Row],[City tier]]="?","tier - 2",Table3[[#This Row],[City tier]]) -> tier - 1 | N42: =IF(Table3[[#This Row],[State ID]]="?","unknown",Table3[[#This Row],[State ID]]) -> R1013 | O42: =CONCATENATE(Table3[[#This Row],[date]],"-",Table3[[#This Row],[month2]],"-",Table3[[#This Row],[year2]]) -> 19-Jul-2002 | P42: =DATEDIF(Table3[[#This Row],[date of birth]],DATE(2023,6,8),"y") -> 20 | Q42: 1132
A43: Id2376 | B43: 2004 | C43: Oct | D43: 6 | E43: 0 | F43: 1135 | G43: tier - 3 | H43: tier - 3 | I43: R1013 | J43: =IF(Table3[[#This Row],[month]]="?","sep",Table3[[#This Row],[month]]) -> Oct | K43: =IF(Table3[[#This Row],[year]]="?","1983",Table3[[#This Row],[year]]) -> 2004 | L43: =IF(Table3[[#This Row],[Hospital tier]]="?","tier - 2",Table3[[#This Row],[Hospital tier]]) -> tier - 3 | M43: =IF(Table3[[#This Row],[City tier]]="?","tier - 2",Table3[[#This Row],[City tier]]) -> tier - 3 | N43: =IF(Table3[[#This Row],[State ID]]="?","unknown",Table3[[#This Row],[State ID]]) -> R1013 | O43: =CONCATENATE(Table3[[#This Row],[date]],"-",Table3[[#This Row],[month2]],"-",Table3[[#This Row],[year2]]) -> 6-Oct-2004 | P43: =DATEDIF(Table3[[#This Row],[date of birth]],DATE(2023,6,8),"y") -> 18 | Q43: 1135
A44: Id2377 | B44: 2004 | C44: Jun | D44: 11 | E44: 0 | F44: 1135.94 | G44: tier - 3 | H44: tier - 3 | I44: R1013 | J44: =IF(Table3[[#This Row],[month]]="?","sep",Table3[[#This Row],[month]]) -> Jun | K44: =IF(Table3[[#This Row],[year]]="?","1983",Table3[[#This Row],[year]]) -> 2004 | L44: =IF(Table3[[#This Row],[Hospital tier]]="?","tier - 2",Table3[[#This Row],[Hospital tier]]) -> tier - 3 | M44: =IF(Table3[[#This Row],[City tier]]="?","tier - 2",Table3[[#This Row],[City tier]]) -> tier - 3 | N44: =IF(Table3[[#This Row],[State ID]]="?","unknown",Table3[[#This Row],[State ID]]) -> R1013 | O44: =CONCATENATE(Table3[[#This Row],[date]],"-",Table3[[#This Row],[month2]],"-",Table3[[#This Row],[year2]]) -> 11-Jun-2004 | P44: =DATEDIF(Table3[[#This Row],[date of birth]],DATE(2023,6,8),"y") -> 18 | Q44: 1135.94
A45: Id2378 | B45: 2004 | C45: Nov | D45: 28 | E45: 0 | F45: 1136.4 | G45: tier - 3 | H45: tier - 3 | I45: R1013 | J45: =IF(Table3[[#This Row],[month]]="?","sep",Table3[[#This Row],[month]]) -> Nov | K45: =IF(Table3[[#This Row],[year]]="?","1983",Table3[[#This Row],[year]]) -> 2004 | L45: =IF(Table3[[#This Row],[Hospital tier]]="?","tier - 2",Table3[[#This Row],[Hospital tier]]) -> tier - 3 | M45: =IF(Table3[[#This Row],[City tier]]="?","tier - 2",Table3[[#This Row],[City tier]]) -> tier - 3 | N45: =IF(Table3[[#This Row],[State ID]]="?","unknown",Table3[[#This Row],[State ID]]) -> R1013 | O45: =CONCATENATE(Table3[[#This Row],[date]],"-",Table3[[#This Row],[month2]],"-",Table3[[#This Row],[year2]]) -> 28-Nov-2004 | P45: =DATEDIF(Table3[[#This Row],[date of birth]],DATE(2023,6,8),"y") -> 18 | Q45: 1136.4
... A1050: Id3383 | B1050: 1977 | C1050: Jul | D1050: 26 | E1050: 2 | F1050: 8527.53 | G1050: tier - 2 | H1050: tier - 2 | I1050: R1013 | J1050: =IF(Table3[[#This Row],[month]]="?","sep",Table3[[#This Row],[month]]) -> Jul | K1050: =IF(Table3[[#This Row],[year]]="?","1983",Table3[[#This Row],[year]]) -> 1977 | L1050: =IF(Table3[[#This Row],[Hospital tier]]="?","tier - 2",Table3[[#This Row],[Hospital tier]]) -> tier - 2 | M1050: =IF(Table3[[#This Row],[City tier]]="?","tier - 2",Table3[[#This Row],[City tier]]) -> tier - 2 | N1050: =IF(Table3[[#This Row],[State ID]]="?","unknown",Table3[[#This Row],[State ID]]) -> R1013 | O1050: =CONCATENATE(Table3[[#This Row],[date]],"-",Table3[[#This Row],[month2]],"-",Table3[[#This Row],[year2]]) -> 26-Jul-1977 | P1050: =DATEDIF(Table3[[#This Row],[date of birth]],DATE(2023,6,8),"y") -> 45 | Q1050: 8527.53
A1051: Id3384 | B1051: ? | C1051: Jul | D1051: 24 | E1051: 0 | F1051: 8534.67 | G1051: tier - 2 | H1051: tier - 3 | I1051: R1024 | J1051: =IF(Table3[[#This Row],[month]]="?","sep",Table3[[#This Row],[month]]) -> Jul | K1051: =IF(Table3[[#This Row],[year]]="?","1983",Table3[[#This Row],[year]]) -> 1983 | L1051: =IF(Table3[[#This Row],[Hospital tier]]="?","tier - 2",Table3[[#This Row],[Hospital tier]]) -> tier - 2 | M1051: =IF(Table3[[#This Row],[City tier]]="?","tier - 2",Table3[[#This Row],[City tier]]) -> tier - 3 | N1051: =IF(Table3[[#This Row],[State ID]]="?","unknown",Table3[[#This Row],[State ID]]) -> R1024 | O1051: =CONCATENATE(Table3[[#This Row],[date]],"-",Table3[[#This Row],[month2]],"-",Table3[[#This Row],[year2]]) -> 24-Jul-1983 | P1051: =DATEDIF(Table3[[#This Row],[date of birth]],DATE(2023,6,8),"y") -> 39 | Q1051: 8534.67
A1052: Id3385 | B1052: 1981 | C1052: Dec | D1052: 27 | E1052: 3 | F1052: 8538.29 | G1052: tier - 2 | H1052: tier - 3 | I1052: R1024 | J1052: =IF(Table3[[#This Row],[month]]="?","sep",Table3[[#This Row],[month]]) -> Dec | K1052: =IF(Table3[[#This Row],[year]]="?","1983",Table3[[#This Row],[year]]) -> 1981 | L1052: =IF(Table3[[#This Row],[Hospital tier]]="?","tier - 2",Table3[[#This Row],[Hospital tier]]) -> tier - 2 | M1052: =IF(Table3[[#This Row],[City tier]]="?","tier - 2",Table3[[#This Row],[City tier]]) -> tier - 3 | N1052: =IF(Table3[[#This Row],[State ID]]="?","unknown",Table3[[#This Row],[State ID]]) -> R1024 | O1052: =CONCATENATE(Table3[[#This Row],[date]],"-",Table3[[#This Row],[month2]],"-",Table3[[#This Row],[year2]]) -> 27-Dec-1981 | P1052: =DATEDIF(Table3[[#This Row],[date of birth]],DATE(2023,6,8),"y") -> 41 | Q1052: 8538.29
A1053: Id3386 | B1053: 1975 | C1053: Nov | D1053: 6 | E1053: 1 | F1053: 8539.67 | G1053: tier - 2 | H1053: tier - 3 | I1053: R1011 | J1053: =IF(Table3[[#This Row],[month]]="?","sep",Table3[[#This Row],[month]]) -> Nov | K1053: =IF(Table3[[#This Row],[year]]="?","1983",Table3[[#This Row],[year]]) -> 1975 | L1053: =IF(Table3[[#This Row],[Hospital tier]]="?","tier - 2",Table3[[#This Row],[Hospital tier]]) -> tier - 2 | M1053: =IF(Table3[[#This Row],[City tier]]="?","tier - 2",Table3[[#This Row],[City tier]]) -> tier - 3 | N1053: =IF(Table3[[#This Row],[State ID]]="?","unknown",Table3[[#This Row],[State ID]]) -> R1011 | O1053: =CONCATENATE(Table3[[#This Row],[date]],"-",Table3[[#This Row],[month2]],"-",Table3[[#This Row],[year2]]) -> 6-Nov-1975 | P1053: =DATEDIF(Table3[[#This Row],[date of birth]],DATE(2023,6,8),"y") -> 47 | Q1053: 8539.67
A1054: Id3387 | B1054: ? | C1054: Dec | D1054: 12 | E1054: 1 | F1054: 8547.69 | G1054: tier - 2 | H1054: tier - 1 | I1054: R1013 | J1054: =IF(Table3[[#This Row],[month]]="?","sep",Table3[[#This Row],[month]]) -> Dec | K1054: =IF(Table3[[#This Row],[year]]="?","1983",Table3[[#This Row],[year]]) -> 1983 | L1054: =IF(Table3[[#This Row],[Hospital tier]]="?","tier - 2",Table3[[#This Row],[Hospital tier]]) -> tier - 2 | M1054: =IF(Table3[[#This Row],[City tier]]="?","tier - 2",Table3[[#This Row],[City tier]]) -> tier - 1 | N1054: =IF(Table3[[#This Row],[State ID]]="?","unknown",Table3[[#This Row],[State ID]]) -> R1013 | O1054: =CONCATENATE(Table3[[#This Row],[date]],"-",Table3[[#This Row],[month2]],"-",Table3[[#This Row],[year2]]) -> 12-Dec-1983 | P1054: =DATEDIF(Table3[[#This Row],[date of birth]],DATE(2023,6,8),"y") -> 39 | Q1054: 8547.69
A1055: Id3388 | B1055: 1975 | C1055: Aug | D1055: 6 | E1055: 1 | F1055: 8551.35 | G1055: tier - 2 | H1055: tier - 2 | I1055: R1011 | J1055: =IF(Table3[[#This Row],[month]]="?","sep",Table3[[#This Row],[month]]) -> Aug | K1055: =IF(Table3[[#This Row],[year]]="?","1983",Table3[[#This Row],[year]]) -> 1975 | L1055: =IF(Table3[[#This Row],[Hospital tier]]="?","tier - 2",Table3[[#This Row],[Hospital tier]]) -> tier - 2 | M1055: =IF(Table3[[#This Row],[City tier]]="?","tier - 2",Table3[[#This Row],[City tier]]) -> tier - 2 | N1055: =IF(Table3[[#This Row],[State ID]]="?","unknown",Table3[[#This Row],[State ID]]) -> R1011 | O1055: =CONCATENATE(Table3[[#This Row],[date]],"-",Table3[[#This Row],[month2]],"-",Table3[[#This Row],[year2]]) -> 6-Aug-1975 | P1055: =DATEDIF(Table3[[#This Row],[date of birth]],DATE(2023,6,8),"y") -> 47 | Q1055: 8551.35
A1056: Id3389 | B1056: 1975 | C1056: Aug | D1056: 21 | E1056: 1 | F1056: 8556.91 | G1056: tier - 2 | H1056: tier - 1 | I1056: R1011 | J1056: =IF(Table3[[#This Row],[month]]="?","sep",Table3[[#This Row],[month]]) -> Aug | K1056: =IF(Table3[[#This Row],[year]]="?","1983",Table3[[#This Row],[year]]) -> 1975 | L1056: =IF(Table3[[#This Row],[Hospital tier]]="?","tier - 2",Table3[[#This Row],[Hospital tier]]) -> tier - 2 | M1056: =IF(Table3[[#This Row],[City tier]]="?","tier - 2",Table3[[#This Row],[City tier]]) -> tier - 1 | N1056: =IF(Table3[[#This Row],[State ID]]="?","unknown",Table3[[#This Row],[State ID]]) -> R1011 | O1056: =CONCATENATE(Table3[[#This Row],[date]],"-",Table3[[#This Row],[month2]],"-",Table3[[#This Row],[year2]]) -> 21-Aug-1975 | P1056: =DATEDIF(Table3[[#This Row],[date of birth]],DATE(2023,6,8),"y") -> 47 | Q1056: 8556.91
A1057: Id3390 | B1057: 1988 | C1057: Sep | D1057: 21 | E1057: 3 | F1057: 8567.25 | G1057: tier - 2 | H1057: tier - 1 | I1057: R1012 | J1057: =IF(Table3[[#This Row],[month]]="?","sep",Table3[[#This Row],[month]]) -> Sep | K1057: =IF(Table3[[#This Row],[year]]="?","1983",Table3[[#This Row],[year]]) -> 1988 | L1057: =IF(Table3[[#This Row],[Hospital tier]]="?","tier - 2",Table3[[#This Row],[Hospital tier]]) -> tier - 2 | M1057: =IF(Table3[[#This Row],[City tier]]="?","tier - 2",Table3[[#This Row],[City tier]]) -> tier - 1 | N1057: =IF(Table3[[#This Row],[State ID]]="?","unknown",Table3[[#This Row],[State ID]]) -> R1012 | O1057: =CONCATENATE(Table3[[#This Row],[date]],"-",Table3[[#This Row],[month2]],"-",Table3[[#This Row],[year2]]) -> 21-Sep-1988 | P1057: =DATEDIF(Table3[[#This Row],[date of birth]],DATE(2023,6,8),"y") -> 34 | Q1057: 8567.25
A1058: Id3391 | B1058: 1975 | C1058: Sep | D1058: 26 | E1058: 1 | F1058: 8569.86 | G1058: tier - 2 | H1058: tier - 3 | I1058: R1013 | J1058: =IF(Table3[[#This Row],[month]]="?","sep",Table3[[#This Row],[month]]) -> Sep | K1058: =IF(Table3[[#This Row],[year]]="?","1983",Table3[[#This Row],[year]]) -> 1975 | L1058: =IF(Table3[[#This Row],[Hospital tier]]="?","tier - 2",Table3[[#This Row],[Hospital tier]]) -> tier - 2 | M1058: =IF(Table3[[#This Row],[City tier]]="?","tier - 2",Table3[[#This Row],[City tier]]) -> tier - 3 | N1058: =IF(Table3[[#This Row],[State ID]]="?","unknown",Table3[[#This Row],[State ID]]) -> R1013 | O1058: =CONCATENATE(Table3[[#This Row],[date]],"-",Table3[[#This Row],[month2]],"-",Table3[[#This Row],[year2]]) -> 26-Sep-1975 | P1058: =DATEDIF(Table3[[#This Row],[date of birth]],DATE(2023,6,8),"y") -> 47 | Q1058: 8569.86
A1059: Id3392 | B1059: 1982 | C1059: Dec | D1059: 6 | E1059: 3 | F1059: 8572.04 | G1059: tier - 2 | H1059: tier - 2 | I1059: R1021 | J1059: =IF(Table3[[#This Row],[month]]="?","sep",Table3[[#This Row],[month]]) -> Dec | K1059: =IF(Table3[[#This Row],[year]]="?","1983",Table3[[#This Row],[year]]) -> 1982 | L1059: =IF(Table3[[#This Row],[Hospital tier]]="?","tier - 2",Table3[[#This Row],[Hospital tier]]) -> tier - 2 | M1059: =IF(Table3[[#This Row],[City tier]]="?","tier - 2",Table3[[#This Row],[City tier]]) -> tier - 2 | N1059: =IF(Table3[[#This Row],[State ID]]="?","unknown",Table3[[#This Row],[State ID]]) -> R1021 | O1059: =CONCATENATE(Table3[[#This Row],[date]],"-",Table3[[#This Row],[month2]],"-",Table3[[#This Row],[year2]]) -> 6-Dec-1982 | P1059: =DATEDIF(Table3[[#This Row],[date of birth]],DATE(2023,6,8),"y") -> 40 | Q1059: 8572.04
A1060: Id3393 | B1060: 1987 | C1060: Nov | D1060: 11 | E1060: 3 | F1060: 8573.3 | G1060: tier - 2 | H1060: tier - 2 | I1060: R1021 | J1060: =IF(Table3[[#This Row],[month]]="?","sep",Table3[[#This Row],[month]]) -> Nov | K1060: =IF(Table3[[#This Row],[year]]="?","1983",Table3[[#This Row],[year]]) -> 1987 | L1060: =IF(Table3[[#This Row],[Hospital tier]]="?","tier - 2",Table3[[#This Row],[Hospital tier]]) -> tier - 2 | M1060: =IF(Table3[[#This Row],[City tier]]="?","tier - 2",Table3[[#This Row],[City tier]]) -> tier - 2 | N1060: =IF(Table3[[#This Row],[State ID]]="?","unknown",Table3[[#This Row],[State ID]]) -> R1021 | O1060: =CONCATENATE(Table3[[#This Row],[date]],"-",Table3[[#This Row],[month2]],"-",Table3[[#This Row],[year2]]) -> 11-Nov-1987 | P1060: =DATEDIF(Table3[[#This Row],[date of birth]],DATE(2023,6,8),"y") -> 35 | Q1060: 8573.3
A1061: Id3394 | B1061: 1983 | C1061: Dec | D1061: 30 | E1061: 5 | F1061: 8582.3 | G1061: tier - 2 | H1061: tier - 1 | I1061: R1013 | J1061: =IF(Table3[[#This Row],[month]]="?","sep",Table3[[#This Row],[month]]) -> Dec | K1061: =IF(Table3[[#This Row],[year]]="?","1983",Table3[[#This Row],[year]]) -> 1983 | L1061: =IF(Table3[[#This Row],[Hospital tier]]="?","tier - 2",Table3[[#This Row],[Hospital tier]]) -> tier - 2 | M1061: =IF(Table3[[#This Row],[City tier]]="?","tier - 2",Table3[[#This Row],[City tier]]) -> tier - 1 | N1061: =IF(Table3[[#This Row],[State ID]]="?","unknown",Table3[[#This Row],[State ID]]) -> R1013 | O1061: =CONCATENATE(Table3[[#This Row],[date]],"-",Table3[[#This Row],[month2]],"-",Table3[[#This Row],[year2]]) -> 30-Dec-1983 | P1061: =DATEDIF(Table3[[#This Row],[date of birth]],DATE(2023,6,8),"y") -> 39 | Q1061: 8582.3
A1062: Id3395 | B1062: 1983 | C1062: Jul | D1062: 25 | E1062: 5 | F1062: 8596.83 | G1062: tier - 2 | H1062: tier - 3 | I1062: R1013 | J1062: =IF(Table3[[#This Row],[month]]="?","sep",Table3[[#This Row],[month]]) -> Jul | K1062: =IF(Table3[[#This Row],[year]]="?","1983",Table3[[#This Row],[year]]) -> 1983 | L1062: =IF(Table3[[#This Row],[Hospital tier]]="?","tier - 2",Table3[[#This Row],[Hospital tier]]) -> tier - 2 | M1062: =IF(Table3[[#This Row],[City tier]]="?","tier - 2",Table3[[#This Row],[City tier]]) -> tier - 3 | N1062: =IF(Table3[[#This Row],[State ID]]="?","unknown",Table3[[#This Row],[State ID]]) -> R1013 | O1062: =CONCATENATE(Table3[[#This Row],[date]],"-",Table3[[#This Row],[month2]],"-",Table3[[#This Row],[year2]]) -> 25-Jul-1983 | P1062: =DATEDIF(Table3[[#This Row],[date of birth]],DATE(2023,6,8),"y") -> 39 | Q1062: 8596.83
A1063: Id3396 | B1063: 1973 | C1063: Jul | D1063: 11 | E1063: 0 | F1063: 8601.33 | G1063: tier - 2 | H1063: tier - 1 | I1063: R1013 | J1063: =IF(Table3[[#This Row],[month]]="?","sep",Table3[[#This Row],[month]]) -> Jul | K1063: =IF(Table3[[#This Row],[year]]="?","1983",Table3[[#This Row],[year]]) -> 1973 | L1063: =IF(Table3[[#This Row],[Hospital tier]]="?","tier - 2",Table3[[#This Row],[Hospital tier]]) -> tier - 2 | M1063: =IF(Table3[[#This Row],[City tier]]="?","tier - 2",Table3[[#This Row],[City tier]]) -> tier - 1 | N1063: =IF(Table3[[#This Row],[State ID]]="?","unknown",Table3[[#This Row],[State ID]]) -> R1013 | O1063: =CONCATENATE(Table3[[#This Row],[date]],"-",Table3[[#This Row],[month2]],"-",Table3[[#This Row],[year2]]) -> 11-Jul-1973 | P1063: =DATEDIF(Table3[[#This Row],[date of birth]],DATE(2023,6,8),"y") -> 49 | Q1063: 8601.33
A1064: Id3397 | B1064: 1977 | C1064: Sep | D1064: 24 | E1064: 2 | F1064: 8603.82 | G1064: tier - 2 | H1064: tier - 1 | I1064: R1019 | J1064: =IF(Table3[[#This Row],[month]]="?","sep",Table3[[#This Row],[month]]) -> Sep | K1064: =IF(Table3[[#This Row],[year]]="?","1983",Table3[[#This Row],[year]]) -> 1977 | L1064: =IF(Table3[[#This Row],[Hospital tier]]="?","tier - 2",Table3[[#This Row],[Hospital tier]]) -> tier - 2 | M1064: =IF(Table3[[#This Row],[City tier]]="?","tier - 2",Table3[[#This Row],[City tier]]) -> tier - 1 | N1064: =IF(Table3[[#This Row],[State ID]]="?","unknown",Table3[[#This Row],[State ID]]) -> R1019 | O1064: =CONCATENATE(Table3[[#This Row],[date]],"-",Table3[[#This Row],[month2]],"-",Table3[[#This Row],[year2]]) -> 24-Sep-1977 | P1064: =DATEDIF(Table3[[#This Row],[date of birth]],DATE(2023,6,8),"y") -> 45 | Q1064: 8603.82
A1065: Id3398 | B1065: 1977 | C1065: Nov | D1065: 12 | E1065: 2 | F1065: 8604.48 | G1065: tier - 3 | H1065: tier - 2 | I1065: R1016 | J1065: =IF(Table3[[#This Row],[month]]="?","sep",Table3[[#This Row],[month]]) -> Nov | K1065: =IF(Table3[[#This Row],[year]]="?","1983",Table3[[#This Row],[year]]) -> 1977 | L1065: =IF(Table3[[#This Row],[Hospital tier]]="?","tier - 2",Table3[[#This Row],[Hospital tier]]) -> tier - 3 | M1065: =IF(Table3[[#This Row],[City tier]]="?","tier - 2",Table3[[#This Row],[City tier]]) -> tier - 2 | N1065: =IF(Table3[[#This Row],[State ID]]="?","unknown",Table3[[#This Row],[State ID]]) -> R1016 | O1065: =CONCATENATE(Table3[[#This Row],[date]],"-",Table3[[#This Row],[month2]],"-",Table3[[#This Row],[year2]]) -> 12-Nov-1977 | P1065: =DATEDIF(Table3[[#This Row],[date of birth]],DATE(2023,6,8),"y") -> 45 | Q1065: 8604.48
A1066: Id3399 | B1066: 1977 | C1066: Oct | D1066: 15 | E1066: 3 | F1066: 8605.36 | G1066: tier - 2 | H1066: tier - 2 | I1066: R1013 | J1066: =IF(Table3[[#This Row],[month]]="?","sep",Table3[[#This Row],[month]]) -> Oct | K1066: =IF(Table3[[#This Row],[year]]="?","1983",Table3[[#This Row],[year]]) -> 1977 | L1066: =IF(Table3[[#This Row],[Hospital tier]]="?","tier - 2",Table3[[#This Row],[Hospital tier]]) -> tier - 2 | M1066: =IF(Table3[[#This Row],[City tier]]="?","tier - 2",Table3[[#This Row],[City tier]]) -> tier - 2 | N1066: =IF(Table3[[#This Row],[State ID]]="?","unknown",Table3[[#This Row],[State ID]]) -> R1013 | O1066: =CONCATENATE(Table3[[#This Row],[date]],"-",Table3[[#This Row],[month2]],"-",Table3[[#This Row],[year2]]) -> 15-Oct-1977 | P1066: =DATEDIF(Table3[[#This Row],[date of birth]],DATE(2023,6,8),"y") -> 45 | Q1066: 8605.36
... A2344: Id4677 | B2344: 1968 | C2344: Oct | D2344: 12 | E2344: 0 | F2344: 63770.43 | G2344: tier - 1 | H2344: tier - 3 | I2344: R1013 | J2344: =IF(Table3[[#This Row],[month]]="?","sep",Table3[[#This Row],[month]]) -> Oct | K2344: =IF(Table3[[#This Row],[year]]="?","1983",Table3[[#This Row],[year]]) -> 1968 | L2344: =IF(Table3[[#This Row],[Hospital tier]]="?","tier - 2",Table3[[#This Row],[Hospital tier]]) -> tier - 1 | M2344: =IF(Table3[[#This Row],[City tier]]="?","tier - 2",Table3[[#This Row],[City tier]]) -> tier - 3 | N2344: =IF(Table3[[#This Row],[State ID]]="?","unknown",Table3[[#This Row],[State ID]]) -> R1013 | O2344: =CONCATENATE(Table3[[#This Row],[date]],"-",Table3[[#This Row],[month2]],"-",Table3[[#This Row],[year2]]) -> 12-Oct-1968 | P2344: =DATEDIF(Table3[[#This Row],[date of birth]],DATE(2023,6,8),"y") -> 54 | Q2344: 63770.43

Sheet healthcare
A1: =VLOOKUP('Customer Names'!A1,'Customer Names'!A1:A2336,1,FALSE) -> Customer ID | B1: =VLOOKUP(Table6[[#Headers],[NAME]],'Customer Names'!G:G,1,FALSE) -> NAME | C1: =VLOOKUP(Table4[[#Headers],[BMI]],Table4[[#All],[BMI]],1,FALSE) -> BMI | D1: =VLOOKUP(Table4[[#Headers],[HBA1C]],Table4[[#All],[HBA1C]],1,FALSE) -> HBA1C | E1: =VLOOKUP(Table4[[#Headers],[Any Transplants]],Table4[[#All],[Any Transplants]],1,FALSE) -> Any Transplants | F1: =VLOOKUP(Table4[[#Headers],[Cancer history]],Table4[[#All],[Cancer history]],1,FALSE) -> Cancer history | G1: =VLOOKUP(Table4[[#Headers],[Smoker2]],Table4[[#All],[Smoker2]],1,FALSE) -> Smoker2 | H1: =VLOOKUP(Table4[[#Headers],[Heart Issues]],Table4[[#All],[Heart Issues]],1,FALSE) -> Heart Issues | I1: =VLOOKUP(Table4[[#Headers],[Number of Major Surgeries]],Table4[[#All],[Number of Major Surgeries]],1,FALSE) -> Number of Major Surgeries | J1: =VLOOKUP('Medical Examinations'!M1,'Medical Examinations'!M1:M2336,1,FALSE) -> Weight Status | K1: =VLOOKUP('Medical Examinations'!N1,'Medical Examinations'!N1:N2336,1,FALSE) -> diebetes | L1: =VLOOKUP(Table3[[#Headers],[date of birth]],Table3[[#All],[date of birth]],1,FALSE) -> date of birth | M1: =VLOOKUP(Table3[[#Headers],[age]],Table3[[#All],[age]],1,FALSE) -> age | N1: =VLOOKUP(Table3[[#Headers],[charges2]],Table3[[#All],[charges2]],1,FALSE) -> charges2 | O1: =VLOOKUP(Table3[[#Headers],[HOSPITAL TIER2]],Table3[[#All],[HOSPITAL TIER2]],1,FALSE) -> HOSPITAL TIER2 | P1: =VLOOKUP(Table3[[#Headers],[city tier2]],Table3[[#All],[city tier2]],1,FALSE) -> city tier2 | Q1: =VLOOKUP(Table3[[#Headers],[state id2]],Table3[[#All],[state id2]],1,FALSE) -> state id2 | R1: CORRELATION OF AGE AND BMI | S1: CORRELATION OF AGE AND HBA1C
A2: =VLOOKUP('Customer Names'!A2,'Customer Names'!A2:A2337,1,FALSE) -> Id1 | B2: =VLOOKUP(Table6[[#This Row],[NAME]],Table6[NAME],1,FALSE) -> Kelly | C2: =VLOOKUP(Table4[[#This Row],[BMI]],Table4[BMI],1,FALSE) -> 47.41 | D2: =VLOOKUP(Table4[[#This Row],[HBA1C]],Table4[HBA1C],1,FALSE) -> 7.47 | E2: =VLOOKUP(Table4[[#This Row],[Any Transplants]],Table4[Any Transplants],1,FALSE) -> No | F2: =VLOOKUP(Table4[[#This Row],[Cancer history]],Table4[Cancer history],1,FALSE) -> No | G2: =VLOOKUP(Table4[[#This Row],[Smoker2]],Table4[Smoker2],1,FALSE) -> YES | H2: =VLOOKUP(Table4[[#This Row],[Heart Issues]],Table4[Heart Issues],1,FALSE) -> No | I2: =VLOOKUP(Table4[[#This Row],[Number of Major Surgeries]],Table4[Number of Major Surgeries],1,FALSE) -> 0 | J2: =VLOOKUP('Medical Examinations'!M2,'Medical Examinations'!M2:M2336,1,FALSE) -> obesity | K2: =VLOOKUP('Medical Examinations'!N2,'Medical Examinations'!N2:N2336,1,FALSE) -> diabetes | L2: =VLOOKUP(Table3[[#This Row],[date of birth]],Table3[date of birth],1,FALSE) -> 9-Jul-1992 | M2: =VLOOKUP(Table3[[#This Row],[age]],Table3[age],1,FALSE) -> 30 | N2: =VLOOKUP(Table3[[#This Row],[charges2]],Table3[charges2],1,FALSE) -> 563.84 | O2: =VLOOKUP(Table3[[#This Row],[HOSPITAL TIER2]],Table3[HOSPITAL TIER2],1,FALSE) -> tier - 2 | P2: =VLOOKUP(Table3[[#This Row],[city tier2]],Table3[city tier2],1,FALSE) -> tier - 3 | Q2: =VLOOKUP(Table3[[#This Row],[state id2]],Table3[state id2],1,FALSE) -> R1013 | R2: =CORREL(M2:M2336,C2:C2336) -> -0.2037978 | S2: =CORREL(M2:M2336,D2:D2336) -> -0.031443744
A3: =VLOOKUP('Customer Names'!A3,'Customer Names'!A3:A2338,1,FALSE) -> Id2 | B3: =VLOOKUP(Table6[[#This Row],[NAME]],Table6[NAME],1,FALSE) -> Matthew D | C3: =VLOOKUP(Table4[[#This Row],[BMI]],Table4[BMI],1,FALSE) -> 30.36 | D3: =VLOOKUP(Table4[[#This Row],[HBA1C]],Table4[HBA1C],1,FALSE) -> 5.77 | E3: =VLOOKUP(Table4[[#This Row],[Any Transplants]],Table4[Any Transplants],1,FALSE) -> No | F3: =VLOOKUP(Table4[[#This Row],[Cancer history]],Table4[Cancer history],1,FALSE) -> No | G3: =VLOOKUP(Table4[[#This Row],[Smoker2]],Table4[Smoker2],1,FALSE) -> YES | H3: =VLOOKUP(Table4[[#This Row],[Heart Issues]],Table4[Heart Issues],1,FALSE) -> No | I3: =VLOOKUP(Table4[[#This Row],[Number of Major Surgeries]],Table4[Number of Major Surgeries],1,FALSE) -> 0 | J3: =VLOOKUP('Medical Examinations'!M3,'Medical Examinations'!M3:M2337,1,FALSE) -> obesity | K3: =VLOOKUP('Medical Examinations'!N3,'Medical Examinations'!N3:N2337,1,FALSE) -> prediabetes | L3: =VLOOKUP(Table3[[#This Row],[date of birth]],Table3[date of birth],1,FALSE) -> 30-Nov-1992 | M3: =VLOOKUP(Table3[[#This Row],[age]],Table3[age],1,FALSE) -> 30 | N3: =VLOOKUP(Table3[[#This Row],[charges2]],Table3[charges2],1,FALSE) -> 570.62 | O3: =VLOOKUP(Table3[[#This Row],[HOSPITAL TIER2]],Table3[HOSPITAL TIER2],1,FALSE) -> tier - 2 | P3: =VLOOKUP(Table3[[#This Row],[city tier2]],Table3[city tier2],1,FALSE) -> tier - 1 | Q3: =VLOOKUP(Table3[[#This Row],[state id2]],Table3[state id2],1,FALSE) -> R1013 | R3: =CORREL(M3:M2337,C3:C2337) -> -0.20342028 | S3: =CORREL(M3:M2337,D3:D2337) -> -0.03133057
A4: =VLOOKUP('Customer Names'!A4,'Customer Names'!A4:A2339,1,FALSE) -> Id3 | B4: =VLOOKUP(Table6[[#This Row],[NAME]],Table6[NAME],1,FALSE) -> Phil | C4: =VLOOKUP(Table4[[#This Row],[BMI]],Table4[BMI],1,FALSE) -> 34.485 | D4: =VLOOKUP(Table4[[#This Row],[HBA1C]],Table4[HBA1C],1,FALSE) -> 11.87 | E4: =VLOOKUP(Table4[[#This Row],[Any Transplants]],Table4[Any Transplants],1,FALSE) -> No | F4: =VLOOKUP(Table4[[#This Row],[Cancer history]],Table4[Cancer history],1,FALSE) -> No | G4: =VLOOKUP(Table4[[#This Row],[Smoker2]],Table4[Smoker2],1,FALSE) -> YES | H4: =VLOOKUP(Table4[[#This Row],[Heart Issues]],Table4[Heart Issues],1,FALSE) -> yes | I4: =VLOOKUP(Table4[[#This Row],[Number of Major Surgeries]],Table4[Number of Major Surgeries],1,FALSE) -> 2 | J4: =VLOOKUP('Medical Examinations'!M4,'Medical Examinations'!M4:M2338,1,FALSE) -> obesity | K4: =VLOOKUP('Medical Examinations'!N4,'Medical Examinations'!N4:N2338,1,FALSE) -> diabetes | L4: =VLOOKUP(Table3[[#This Row],[date of birth]],Table3[date of birth],1,FALSE) -> 30-Jun-1993 | M4: =VLOOKUP(Table3[[#This Row],[age]],Table3[age],1,FALSE) -> 29 | N4: =VLOOKUP(Table3[[#This Row],[charges2]],Table3[charges2],1,FALSE) -> 600 | O4: =VLOOKUP(Table3[[#This Row],[HOSPITAL TIER2]],Table3[HOSPITAL TIER2],1,FALSE) -> tier - 2 | P4: =VLOOKUP(Table3[[#This Row],[city tier2]],Table3[city tier2],1,FALSE) -> tier - 1 | Q4: =VLOOKUP(Table3[[#This Row],[state id2]],Table3[state id2],1,FALSE) -> R1013 | R4: =CORREL(M4:M2338,C4:C2338) -> -0.20346135 | S4: =CORREL(M4:M2338,D4:D2338) -> -0.031441227
A5: =VLOOKUP('Customer Names'!A5,'Customer Names'!A5:A2340,1,FALSE) -> Id4 | B5: =VLOOKUP(Table6[[#This Row],[NAME]],Table6[NAME],1,FALSE) -> Kelsey | C5: =VLOOKUP(Table4[[#This Row],[BMI]],Table4[BMI],1,FALSE) -> 38.095 | D5: =VLOOKUP(Table4[[#This Row],[HBA1C]],Table4[HBA1C],1,FALSE) -> 6.05 | E5: =VLOOKUP(Table4[[#This Row],[Any Transplants]],Table4[Any Transplants],1,FALSE) -> No | F5: =VLOOKUP(Table4[[#This Row],[Cancer history]],Table4[Cancer history],1,FALSE) -> No | G5: =VLOOKUP(Table4[[#This Row],[Smoker2]],Table4[Smoker2],1,FALSE) -> YES | H5: =VLOOKUP(Table4[[#This Row],[Heart Issues]],Table4[Heart Issues],1,FALSE) -> No | I5: =VLOOKUP(Table4[[#This Row],[Number of Major Surgeries]],Table4[Number of Major Surgeries],1,FALSE) -> 0 | J5: =VLOOKUP('Medical Examinations'!M5,'Medical Examinations'!M5:M2339,1,FALSE) -> obesity | K5: =VLOOKUP('Medical Examinations'!N5,'Medical Examinations'!N5:N2339,1,FALSE) -> prediabetes | L5: =VLOOKUP(Table3[[#This Row],[date of birth]],Table3[date of birth],1,FALSE) -> 13-Sep-1992 | M5: =VLOOKUP(Table3[[#This Row],[age]],Table3[age],1,FALSE) -> 30 | N5: =VLOOKUP(Table3[[#This Row],[charges2]],Table3[charges2],1,FALSE) -> 604.54 | O5: =VLOOKUP(Table3[[#This Row],[HOSPITAL TIER2]],Table3[HOSPITAL TIER2],1,FALSE) -> tier - 3 | P5: =VLOOKUP(Table3[[#This Row],[city tier2]],Table3[city tier2],1,FALSE) -> tier - 3 | Q5: =VLOOKUP(Table3[[#This Row],[state id2]],Table3[state id2],1,FALSE) -> R1013 | R5: =CORREL(M5:M2339,C5:C2339) -> -0.2033623 | S5: =CORREL(M5:M2339,D5:D2339) -> -0.030708109
A6: =VLOOKUP('Customer Names'!A6,'Customer Names'!A6:A2341,1,FALSE) -> Id5 | B6: =VLOOKUP(Table6[[#This Row],[NAME]],Table6[NAME],1,FALSE) -> Kristyn | C6: =VLOOKUP(Table4[[#This Row],[BMI]],Table4[BMI],1,FALSE) -> 35.53 | D6: =VLOOKUP(Table4[[#This Row],[HBA1C]],Table4[HBA1C],1,FALSE) -> 5.45 | E6: =VLOOKUP(Table4[[#This Row],[Any Transplants]],Table4[Any Transplants],1,FALSE) -> No | F6: =VLOOKUP(Table4[[#This Row],[Cancer history]],Table4[Cancer history],1,FALSE) -> No | G6: =VLOOKUP(Table4[[#This Row],[Smoker2]],Table4[Smoker2],1,FALSE) -> YES | H6: =VLOOKUP(Table4[[#This Row],[Heart Issues]],Table4[Heart Issues],1,FALSE) -> No | I6: =VLOOKUP(Table4[[#This Row],[Number of Major Surgeries]],Table4[Number of Major Surgeries],1,FALSE) -> 0 | J6: =VLOOKUP('Medical Examinations'!M6,'Medical Examinations'!M6:M2340,1,FALSE) -> obesity | K6: =VLOOKUP('Medical Examinations'!N6,'Medical Examinations'!N6:N2340,1,FALSE) -> normal | L6: =VLOOKUP(Table3[[#This Row],[date of birth]],Table3[date of birth],1,FALSE) -> 27-Jul-1998 | M6: =VLOOKUP(Table3[[#This Row],[age]],Table3[age],1,FALSE) -> 24 | N6: =VLOOKUP(Table3[[#This Row],[charges2]],Table3[charges2],1,FALSE) -> 637.26 | O6: =VLOOKUP(Table3[[#This Row],[HOSPITAL TIER2]],Table3[HOSPITAL TIER2],1,FALSE) -> tier - 3 | P6: =VLOOKUP(Table3[[#This Row],[city tier2]],Table3[city tier2],1,FALSE) -> tier - 3 | Q6: =VLOOKUP(Table3[[#This Row],[state id2]],Table3[state id2],1,FALSE) -> R1013 | R6: =CORREL(M6:M2340,C6:C2340) -> -0.2031717 | S6: =CORREL(M6:M2340,D6:D2340) -> -0.030781186
A7: =VLOOKUP('Customer Names'!A7,'Customer Names'!A7:A2342,1,FALSE) -> Id6 | B7: =VLOOKUP(Table6[[#This Row],[NAME]],Table6[NAME],1,FALSE) -> Russell B. | C7: =VLOOKUP(Table4[[#This Row],[BMI]],Table4[BMI],1,FALSE) -> 32.8 | D7: =VLOOKUP(Table4[[#This Row],[HBA1C]],Table4[HBA1C],1,FALSE) -> 6.59 | E7: =VLOOKUP(Table4[[#This Row],[Any Transplants]],Table4[Any Transplants],1,FALSE) -> No | F7: =VLOOKUP(Table4[[#This Row],[Cancer history]],Table4[Cancer history],1,FALSE) -> No | G7: =VLOOKUP(Table4[[#This Row],[Smoker2]],Table4[Smoker2],1,FALSE) -> YES | H7: =VLOOKUP(Table4[[#This Row],[Heart Issues]],Table4[Heart Issues],1,FALSE) -> No | I7: =VLOOKUP(Table4[[#This Row],[Number of Major Surgeries]],Table4[Number of Major Surgeries],1,FALSE) -> 0 | J7: =VLOOKUP('Medical Examinations'!M7,'Medical Examinations'!M7:M2341,1,FALSE) -> obesity | K7: =VLOOKUP('Medical Examinations'!N7,'Medical Examinations'!N7:N2341,1,FALSE) -> diabetes | L7: =VLOOKUP(Table3[[#This Row],[date of birth]],Table3[date of birth],1,FALSE) -> 20-Nov-2001 | M7: =VLOOKUP(Table3[[#This Row],[age]],Table3[age],1,FALSE) -> 21 | N7: =VLOOKUP(Table3[[#This Row],[charges2]],Table3[charges2],1,FALSE) -> 646.14 | O7: =VLOOKUP(Table3[[#This Row],[HOSPITAL TIER2]],Table3[HOSPITAL TIER2],1,FALSE) -> tier - 3 | P7: =VLOOKUP(Table3[[#This Row],[city tier2]],Table3[city tier2],1,FALSE) -> tier - 3 | Q7: =VLOOKUP(Table3[[#This Row],[state id2]],Table3[state id2],1,FALSE) -> R1012 | R7: =CORREL(M7:M2341,C7:C2341) -> -0.20298511 | S7: =CORREL(M7:M2341,D7:D2341) -> -0.031037869
A8: =VLOOKUP('Customer Names'!A8,'Customer Names'!A8:A2343,1,FALSE) -> Id7 | B8: =VLOOKUP(Table6[[#This Row],[NAME]],Table6[NAME],1,FALSE) -> Scott | C8: =VLOOKUP(Table4[[#This Row],[BMI]],Table4[BMI],1,FALSE) -> 36.4 | D8: =VLOOKUP(Table4[[#This Row],[HBA1C]],Table4[HBA1C],1,FALSE) -> 6.07 | E8: =VLOOKUP(Table4[[#This Row],[Any Transplants]],Table4[Any Transplants],1,FALSE) -> No | F8: =VLOOKUP(Table4[[#This Row],[Cancer history]],Table4[Cancer history],1,FALSE) -> No | G8: =VLOOKUP(Table4[[#This Row],[Smoker2]],Table4[Smoker2],1,FALSE) -> YES | H8: =VLOOKUP(Table4[[#This Row],[Heart Issues]],Table4[Heart Issues],1,FALSE) -> No | I8: =VLOOKUP(Table4[[#This Row],[Number of Major Surgeries]],Table4[Number of Major Surgeries],1,FALSE) -> 0 | J8: =VLOOKUP('Medical Examinations'!M8,'Medical Examinations'!M8:M2342,1,FALSE) -> obesity | K8: =VLOOKUP('Medical Examinations'!N8,'Medical Examinations'!N8:N2342,1,FALSE) -> prediabetes | L8: =VLOOKUP(Table3[[#This Row],[date of birth]],Table3[date of birth],1,FALSE) -> 1-Jun-1993 | M8: =VLOOKUP(Table3[[#This Row],[age]],Table3[age],1,FALSE) -> 30 | N8: =VLOOKUP(Table3[[#This Row],[charges2]],Table3[charges2],1,FALSE) -> 650 | O8: =VLOOKUP(Table3[[#This Row],[HOSPITAL TIER2]],Table3[HOSPITAL TIER2],1,FALSE) -> tier - 3 | P8: =VLOOKUP(Table3[[#This Row],[city tier2]],Table3[city tier2],1,FALSE) -> tier - 3 | Q8: =VLOOKUP(Table3[[#This Row],[state id2]],Table3[state id2],1,FALSE) -> R1013 | R8: =CORREL(M8:M2342,C8:C2342) -> -0.20294466 | S8: =CORREL(M8:M2342,D8:D2342) -> -0.031046891
A9: =VLOOKUP('Customer Names'!A9,'Customer Names'!A9:A2344,1,FALSE) -> Id8 | B9: =VLOOKUP(Table6[[#This Row],[NAME]],Table6[NAME],1,FALSE) -> Stephen | C9: =VLOOKUP(Table4[[#This Row],[BMI]],Table4[BMI],1,FALSE) -> 36.96 | D9: =VLOOKUP(Table4[[#This Row],[HBA1C]],Table4[HBA1C],1,FALSE) -> 7.93 | E9: =VLOOKUP(Table4[[#This Row],[Any Transplants]],Table4[Any Transplants],1,FALSE) -> No | F9: =VLOOKUP(Table4[[#This Row],[Cancer history]],Table4[Cancer history],1,FALSE) -> No | G9: =VLOOKUP(Table4[[#This Row],[Smoker2]],Table4[Smoker2],1,FALSE) -> YES | H9: =VLOOKUP(Table4[[#This Row],[Heart Issues]],Table4[Heart Issues],1,FALSE) -> No | I9: =VLOOKUP(Table4[[#This Row],[Number of Major Surgeries]],Table4[Number of Major Surgeries],1,FALSE) -> 3 | J9: =VLOOKUP('Medical Examinations'!M9,'Medical Examinations'!M9:M2343,1,FALSE) -> obesity | K9: =VLOOKUP('Medical Examinations'!N9,'Medical Examinations'!N9:N2343,1,FALSE) -> diabetes | L9: =VLOOKUP(Table3[[#This Row],[date of birth]],Table3[date of birth],1,FALSE) -> 4-Jul-1995 | M9: =VLOOKUP(Table3[[#This Row],[age]],Table3[age],1,FALSE) -> 27 | N9: =VLOOKUP(Table3[[#This Row],[charges2]],Table3[charges2],1,FALSE) -> 650 | O9: =VLOOKUP(Table3[[#This Row],[HOSPITAL TIER2]],Table3[HOSPITAL TIER2],1,FALSE) -> tier - 3 | P9: =VLOOKUP(Table3[[#This Row],[city tier2]],Table3[city tier2],1,FALSE) -> tier - 3 | Q9: =VLOOKUP(Table3[[#This Row],[state id2]],Table3[state id2],1,FALSE) -> R1013 | R9: =CORREL(M9:M2343,C9:C2343) -> -0.20279834 | S9: =CORREL(M9:M2343,D9:D2343) -> -0.031117637
A10: =VLOOKUP('Customer Names'!A10,'Customer Names'!A10:A2345,1,FALSE) -> Id9 | B10: =VLOOKUP(Table6[[#This Row],[NAME]],Table6[NAME],1,FALSE) -> Patrick R. | C10: =VLOOKUP(Table4[[#This Row],[BMI]],Table4[BMI],1,FALSE) -> 41.14 | D10: =VLOOKUP(Table4[[#This Row],[HBA1C]],Table4[HBA1C],1,FALSE) -> 9.58 | E10: =VLOOKUP(Table4[[#This Row],[Any Transplants]],Table4[Any Transplants],1,FALSE) -> No | F10: =VLOOKUP(Table4[[#This Row],[Cancer history]],Table4[Cancer history],1,FALSE) -> Yes | G10: =VLOOKUP(Table4[[#This Row],[Smoker2]],Table4[Smoker2],1,FALSE) -> YES | H10: =VLOOKUP(Table4[[#This Row],[Heart Issues]],Table4[Heart Issues],1,FALSE) -> yes | I10: =VLOOKUP(Table4[[#This Row],[Number of Major Surgeries]],Table4[Number of Major Surgeries],1,FALSE) -> 1 | J10: =VLOOKUP('Medical Examinations'!M10,'Medical Examinations'!M10:M2344,1,FALSE) -> obesity | K10: =VLOOKUP('Medical Examinations'!N10,'Medical Examinations'!N10:N2344,1,FALSE) -> diabetes | L10: =VLOOKUP(Table3[[#This Row],[date of birth]],Table3[date of birth],1,FALSE) -> 29-Nov-2002 | M10: =VLOOKUP(Table3[[#This Row],[age]],Table3[age],1,FALSE) -> 20 | N10: =VLOOKUP(Table3[[#This Row],[charges2]],Table3[charges2],1,FALSE) -> 668 | O10: =VLOOKUP(Table3[[#This Row],[HOSPITAL TIER2]],Table3[HOSPITAL TIER2],1,FALSE) -> tier - 3 | P10: =VLOOKUP(Table3[[#This Row],[city tier2]],Table3[city tier2],1,FALSE) -> tier - 2 | Q10: =VLOOKUP(Table3[[#This Row],[state id2]],Table3[state id2],1,FALSE) -> R1012 | R10: =CORREL(M10:M2344,C10:C2344) -> -0.20258598 | S10: =CORREL(M10:M2344,D10:D2344) -> -0.030887789
A11: =VLOOKUP('Customer Names'!A11,'Customer Names'!A11:A2346,1,FALSE) -> Id10 | B11: =VLOOKUP(Table6[[#This Row],[NAME]],Table6[NAME],1,FALSE) -> Brooke N. | C11: =VLOOKUP(Table4[[#This Row],[BMI]],Table4[BMI],1,FALSE) -> 38.06 | D11: =VLOOKUP(Table4[[#This Row],[HBA1C]],Table4[HBA1C],1,FALSE) -> 10.79 | E11: =VLOOKUP(Table4[[#This Row],[Any Transplants]],Table4[Any Transplants],1,FALSE) -> No | F11: =VLOOKUP(Table4[[#This Row],[Cancer history]],Table4[Cancer history],1,FALSE) -> No | G11: =VLOOKUP(Table4[[#This Row],[Smoker2]],Table4[Smoker2],1,FALSE) -> YES | H11: =VLOOKUP(Table4[[#This Row],[Heart Issues]],Table4[Heart Issues],1,FALSE) -> No | I11: =VLOOKUP(Table4[[#This Row],[Number of Major Surgeries]],Table4[Number of Major Surgeries],1,FALSE) -> 0 | J11: =VLOOKUP('Medical Examinations'!M11,'Medical Examinations'!M11:M2345,1,FALSE) -> obesity | K11: =VLOOKUP('Medical Examinations'!N11,'Medical Examinations'!N11:N2345,1,FALSE) -> diabetes | L11: =VLOOKUP(Table3[[#This Row],[date of birth]],Table3[date of birth],1,FALSE) -> 9-Nov-1997 | M11: =VLOOKUP(Table3[[#This Row],[age]],Table3[age],1,FALSE) -> 25 | N11: =VLOOKUP(Table3[[#This Row],[charges2]],Table3[charges2],1,FALSE) -> 670 | O11: =VLOOKUP(Table3[[#This Row],[HOSPITAL TIER2]],Table3[HOSPITAL TIER2],1,FALSE) -> tier - 3 | P11: =VLOOKUP(Table3[[#This Row],[city tier2]],Table3[city tier2],1,FALSE) -> tier - 3 | Q11: =VLOOKUP(Table3[[#This Row],[state id2]],Table3[state id2],1,FALSE) -> R1013 | R11: =CORREL(M11:M2345,C11:C2345) -> -0.20201545 | S11: =CORREL(M11:M2345,D11:D2345) -> -0.030081288
A12: =VLOOKUP('Customer Names'!A12,'Customer Names'!A12:A2347,1,FALSE) -> Id11 | B12: =VLOOKUP(Table6[[#This Row],[NAME]],Table6[NAME],1,FALSE) -> Paola Andrea | C12: =VLOOKUP(Table4[[#This Row],[BMI]],Table4[BMI],1,FALSE) -> 37.7 | D12: =VLOOKUP(Table4[[#This Row],[HBA1C]],Table4[HBA1C],1,FALSE) -> 5.96 | E12: =VLOOKUP(Table4[[#This Row],[Any Transplants]],Table4[Any Transplants],1,FALSE) -> No | F12: =VLOOKUP(Table4[[#This Row],[Cancer history]],Table4[Cancer history],1,FALSE) -> No | G12: =VLOOKUP(Table4[[#This Row],[Smoker2]],Table4[Smoker2],1,FALSE) -> YES | H12: =VLOOKUP(Table4[[#This Row],[Heart Issues]],Table4[Heart Issues],1,FALSE) -> yes | I12: =VLOOKUP(Table4[[#This Row],[Number of Major Surgeries]],Table4[Number of Major Surgeries],1,FALSE) -> 2 | J12: =VLOOKUP('Medical Examinations'!M12,'Medical Examinations'!M12:M2346,1,FALSE) -> obesity | K12: =VLOOKUP('Medical Examinations'!N12,'Medical Examinations'!N12:N2346,1,FALSE) -> prediabetes | L12: =VLOOKUP(Table3[[#This Row],[date of birth]],Table3[date of birth],1,FALSE) -> 12-Sep-2001 | M12: =VLOOKUP(Table3[[#This Row],[age]],Table3[age],1,FALSE) -> 21 | N12: =VLOOKUP(Table3[[#This Row],[charges2]],Table3[charges2],1,FALSE) -> 687.54 | O12: =VLOOKUP(Table3[[#This Row],[HOSPITAL TIER2]],Table3[HOSPITAL TIER2],1,FALSE) -> tier - 3 | P12: =VLOOKUP(Table3[[#This Row],[city tier2]],Table3[city tier2],1,FALSE) -> tier - 2 | Q12: =VLOOKUP(Table3[[#This Row],[state id2]],Table3[state id2],1,FALSE) -> R1013 | R12: =CORREL(M12:M2346,C12:C2346) -> -0.20172144 | S12: =CORREL(M12:M2346,D12:D2346) -> -0.029246547
A13: =VLOOKUP('Customer Names'!A13,'Customer Names'!A13:A2348,1,FALSE) -> Id12 | B13: =VLOOKUP(Table6[[#This Row],[NAME]],Table6[NAME],1,FALSE) -> David | C13: =VLOOKUP(Table4[[#This Row],[BMI]],Table4[BMI],1,FALSE) -> 42.13 | D13: =VLOOKUP(Table4[[#This Row],[HBA1C]],Table4[HBA1C],1,FALSE) -> 11.9 | E13: =VLOOKUP(Table4[[#This Row],[Any Transplants]],Table4[Any Transplants],1,FALSE) -> No | F13: =VLOOKUP(Table4[[#This Row],[Cancer history]],Table4[Cancer history],1,FALSE) -> No | G13: =VLOOKUP(Table4[[#This Row],[Smoker2]],Table4[Smoker2],1,FALSE) -> YES | H13: =VLOOKUP(Table4[[#This Row],[Heart Issues]],Table4[Heart Issues],1,FALSE) -> No | I13: =VLOOKUP(Table4[[#This Row],[Number of Major Surgeries]],Table4[Number of Major Surgeries],1,FALSE) -> 0 | J13: =VLOOKUP('Medical Examinations'!M13,'Medical Examinations'!M13:M2347,1,FALSE) -> obesity | K13: =VLOOKUP('Medical Examinations'!N13,'Medical Examinations'!N13:N2347,1,FALSE) -> diabetes | L13: =VLOOKUP(Table3[[#This Row],[date of birth]],Table3[date of birth],1,FALSE) -> 26-Dec-1999 | M13: =VLOOKUP(Table3[[#This Row],[age]],Table3[age],1,FALSE) -> 23 | N13: =VLOOKUP(Table3[[#This Row],[charges2]],Table3[charges2],1,FALSE) -> 700 | O13: =VLOOKUP(Table3[[#This Row],[HOSPITAL TIER2]],Table3[HOSPITAL TIER2],1,FALSE) -> tier - 2 | P13: =VLOOKUP(Table3[[#This Row],[city tier2]],Table3[city tier2],1,FALSE) -> tier - 3 | Q13: =VLOOKUP(Table3[[#This Row],[state id2]],Table3[state id2],1,FALSE) -> R1013 | R13: =CORREL(M13:M2347,C13:C2347) -> -0.20137497 | S13: =CORREL(M13:M2347,D13:D2347) -> -0.029420355
... A2335: =VLOOKUP('Customer Names'!A2335,'Customer Names'!A2335:A4670,1,FALSE) -> Id2334 | B2335: =VLOOKUP(Table6[[#This Row],[NAME]],Table6[NAME],1,FALSE) -> Evan P | C2335: =VLOOKUP(Table4[[#This Row],[BMI]],Table4[BMI],1,FALSE) -> 17.6 | D2335: =VLOOKUP(Table4[[#This Row],[HBA1C]],Table4[HBA1C],1,FALSE) -> 4.39 | E2335: =VLOOKUP(Table4[[#This Row],[Any Transplants]],Table4[Any Transplants],1,FALSE) -> No | F2335: =VLOOKUP(Table4[[#This Row],[Cancer history]],Table4[Cancer history],1,FALSE) -> No | G2335: =VLOOKUP(Table4[[#This Row],[Smoker2]],Table4[Smoker2],1,FALSE) -> NO | H2335: =VLOOKUP(Table4[[#This Row],[Heart Issues]],Table4[Heart Issues],1,FALSE) -> No | I2335: =VLOOKUP(Table4[[#This Row],[Number of Major Surgeries]],Table4[Number of Major Surgeries],1,FALSE) -> 1 | J2335: =VLOOKUP('Medical Examinations'!M2335,'Medical Examinations'!M2335:M4669,1,FALSE) -> underweight | K2335: =VLOOKUP('Medical Examinations'!N2335,'Medical Examinations'!N2335:N4669,1,FALSE) -> normal | L2335: =VLOOKUP(Table3[[#This Row],[date of birth]],Table3[date of birth],1,FALSE) -> 29-Dec-1978 | M2335: =VLOOKUP(Table3[[#This Row],[age]],Table3[age],1,FALSE) -> 44 | N2335: =VLOOKUP(Table3[[#This Row],[charges2]],Table3[charges2],1,FALSE) -> 48885.14 | O2335: =VLOOKUP(Table3[[#This Row],[HOSPITAL TIER2]],Table3[HOSPITAL TIER2],1,FALSE) -> tier - 1 | P2335: =VLOOKUP(Table3[[#This Row],[city tier2]],Table3[city tier2],1,FALSE) -> tier - 2 | Q2335: =VLOOKUP(Table3[[#This Row],[state id2]],Table3[state id2],1,FALSE) -> R1013 | R2335: =CORREL(M2335:M4669,C2335:C4669) -> -1 | S2335: =CORREL(M2335:M4669,D2335:D4669) -> 1
A2336: =VLOOKUP('Customer Names'!A2336,'Customer Names'!A2336:A4671,1,FALSE) -> Id2335 | B2336: =VLOOKUP(Table6[[#This Row],[NAME]],Table6[NAME],1,FALSE) -> Aaron K | C2336: =VLOOKUP(Table4[[#This Row],[BMI]],Table4[BMI],1,FALSE) -> 17.58 | D2336: =VLOOKUP(Table4[[#This Row],[HBA1C]],Table4[HBA1C],1,FALSE) -> 4.51 | E2336: =VLOOKUP(Table4[[#This Row],[Any Transplants]],Table4[Any Transplants],1,FALSE) -> No | F2336: =VLOOKUP(Table4[[#This Row],[Cancer history]],Table4[Cancer history],1,FALSE) -> No | G2336: =VLOOKUP(Table4[[#This Row],[Smoker2]],Table4[Smoker2],1,FALSE) -> NO | H2336: =VLOOKUP(Table4[[#This Row],[Heart Issues]],Table4[Heart Issues],1,FALSE) -> No | I2336: =VLOOKUP(Table4[[#This Row],[Number of Major Surgeries]],Table4[Number of Major Surgeries],1,FALSE) -> 1 | J2336: =VLOOKUP('Medical Examinations'!M2336,'Medical Examinations'!M2336:M4670,1,FALSE) -> underweight | K2336: =VLOOKUP('Medical Examinations'!N2336,'Medical Examinations'!N2336:N4670,1,FALSE) -> normal | L2336: =VLOOKUP(Table3[[#This Row],[date of birth]],Table3[date of birth],1,FALSE) -> 4-Sep-1963 | M2336: =VLOOKUP(Table3[[#This Row],[age]],Table3[age],1,FALSE) -> 59 | N2336: =VLOOKUP(Table3[[#This Row],[charges2]],Table3[charges2],1,FALSE) -> 48970.25 | O2336: =VLOOKUP(Table3[[#This Row],[HOSPITAL TIER2]],Table3[HOSPITAL TIER2],1,FALSE) -> tier - 1 | P2336: =VLOOKUP(Table3[[#This Row],[city tier2]],Table3[city tier2],1,FALSE) -> tier - 2 | Q2336: =VLOOKUP(Table3[[#This Row],[state id2]],Table3[state id2],1,FALSE) -> R1013 | R2336: =CORREL(M2:M2336,C2:C2336) -> -0.2037978 | S2336: =CORREL(M2:M2336,D2:D2336) -> -0.031443744

Sheet work sheet
F2: Row Labels | G2: Sum of charges2 | K2: Average of charges2 | L2: Column Labels | R2: Row Labels | S2: Sum of BMI | T2: Sum of HBA1C
A3: Row Labels | B3: Count of Cancer history | F3: diabetes | G3: 7476142.7 | K3: Row Labels | L3: tier - 1 | M3: tier - 2 | N3: tier - 3 | O3: Grand Total | R3: 18 | S3: 3311.28 | T3: 665.47 | AA3: Row Labels | AB3: Sum of charges2
A4: NO | B4: 1847 | F4: normal weight | G4: 1584367 | K4: R1011 | L4: 32861.436 | M4: 18997.281 | N4: 9250.3618 | O4: 19445.172 | R4: 19 | S4: 2929.185 | T4: 562.7 | AA4: 18 | AB4: 656903.47
A5: YES | B5: 488 | F5: obesity | G5: 3214943 | K5: R1012 | L5: 24775.306 | M5: 10312.047 | N5: 10179.942 | O5: 11831.817 | R5: 20 | S5: 1940.73 | T5: 381.67 | AA5: 19 | AB5: 832238.07
A6: Grand Total | B6: 2335 | F6: over weight | G6: 1498724 | K6: R1013 | L6: 30888.292 | M6: 8183.81 | N6: 6857.1092 | O6: 10302.197 | R6: 21 | S6: 1345.63 | T6: 296.77 | AA6: 20 | AB6: 429864
F7: underweight | G7: 1178108.7 | K7: R1014 | L7: 13891.86 | M7: 2395.17 | N7: 16950.485 | O7: 13478.057 | R7: 22 | S7: 1782.455 | T7: 344.16 | AA7: 21 | AB7: 224224.76
A8: Row Labels | B8: Average of HBA1C | C8: Sum of Number of Major Surgeries | F8: normal | G8: 17191991 | K8: R1015 | L8: 21523.52 | M8: 16433.907 | N8: 7570.755 | O8: 14489.801 | R8: 23 | S8: 1710.15 | T8: 315.78 | AA8: 22 | AB8: 545509.67
A9: No | B9: 6.6704427 | C9: 1417 | F9: normal weight | G9: 4376290.4 | K9: R1016 | L9: 39868.616 | M9: 16075.963 | N9: 8133.0084 | O9: 13589.263 | R9: 24 | S9: 1477.805 | T9: 294.55 | AA9: 23 | AB9: 557421.87
A10: yes | B10: 5.1876389 | C10: 162 | F10: obesity | G10: 7001102.1 | K10: R1017 | L10: 34070.596 | M10: 11365.622 | N10: 8667.3662 | O10: 14806.108 | R10: 25 | S10: 1859.82 | T10: 418.59 | AA10: 24 | AB10: 449216.28
A11: Grand Total | B11: 6.5789979 | C11: 1579 | F11: over weight | G11: 3611826 | K11: R1018 | L11: 33475.82 | M11: 10139.553 | N11: 12570.97 | O11: 13272.787 | R11: 26 | S11: 1379.985 | T11: 304.74 | AA11: 25 | AB11: 523538.56
F12: underweight | G12: 2202772.4 | K12: R1019 | L12: 27621.61 | M12: 8116.72 | N12: 12706.976 | O12: 13633.143 | R12: 27 | S12: 1599.98 | T12: 313.32 | AA12: 26 | AB12: 260505.82
F13: prediabetes | G13: 6647308.2 | K13: R1020 | M13: 6760.5433 | N13: 11716.453 | O13: 9238.4983 | R13: 28 | S13: 1742.395 | T13: 373.49 | AA13: 27 | AB13: 604158.33
F14: normal weight | G14: 1515604.7 | K14: R1021 | M14: 7668.1787 | N14: 11518.786 | O14: 8933.3781 | R14: 29 | S14: 1692.005 | T14: 366.3 | AA14: 28 | AB14: 465115.11
F15: obesity | G15: 2810035.2 | K15: R1022 | M15: 10102.027 | N15: 11637.812 | O15: 10650.521 | R15: 30 | S15: 1853.3 | T15: 371.93 | AA15: 29 | AB15: 525484.4
F16: over weight | G16: 1586533.3 | K16: R1023 | L16: 18261.757 | M16: 13457.095 | N16: 12785.637 | O16: 13786.149 | R16: 31 | S16: 1494.765 | T16: 303.39 | AA16: 30 | AB16: 808956.92
F17: underweight | G17: 735134.98 | K17: R1024 | L17: 30744.581 | M17: 10174.346 | N17: 13360.979 | O17: 12577.691 | R17: 32 | S17: 1452.595 | T17: 293.41 | AA17: 31 | AB17: 514642.78
F18: (blank) | K18: R1025 | M18: 6886.0368 | N18: 10510.314 | O18: 8788.7823 | R18: 33 | S18: 1403.38 | T18: 309.29 | AA18: 32 | AB18: 676333.48
F19: (blank) | K19: R1026 | L19: 18709.798 | M19: 11919.608 | N19: 12296.78 | O19: 12489.921 | R19: 34 | S19: 1923.77 | T19: 401.43 | AA19: 33 | AB19: 479963.35
F20: Grand Total | G20: 31315442 | K20: unknown | L20: 20996.53 | O20: 20996.53 | R20: 35 | S20: 1333.065 | T20: 268.23 | AA20: 34 | AB20: 725081.81
K21: Grand Total | L21: 29602.752 | M21: 11799.192 | N21: 9450.2733 | O21: 13411.324 | R21: 36 | S21: 1396.345 | T21: 248.13 | AA21: 35 | AB21: 453674.55
R22: 37 | S22: 1676.775 | T22: 341.42 | AA22: 36 | AB22: 516219.95
R23: 38 | S23: 1416.585 | T23: 310.25 | AA23: 37 | AB23: 864402.22
R24: 39 | S24: 1492.585 | T24: 325.75 | AA24: 38 | AB24: 449812.21
R25: 40 | S25: 1662.6 | T25: 376.59 | AA25: 39 | AB25: 624705.47
R26: 41 | S26: 1561.34 | T26: 332.25 | AA26: 40 | AB26: 705133.37
R27: 42 | S27: 1451.265 | T27: 301.61 | AA27: 41 | AB27: 625619.78
R28: 43 | S28: 1486.695 | T28: 303.81 | AA28: 42 | AB28: 619481.7
R29: 44 | S29: 1562.565 | T29: 338.96 | AA29: 43 | AB29: 899030.3
R30: 45 | S30: 1377.98 | T30: 276.31 | AA30: 44 | AB30: 773262.86
R31: 46 | S31: 1761.48 | T31: 356.98 | AA31: 45 | AB31: 652873.69
R32: 47 | S32: 1502.625 | T32: 316.88 | AA32: 46 | AB32: 940174.24
R33: 48 | S33: 1725.41 | T33: 367.54 | AA33: 47 | AB33: 982484.64
... R50: 65 | S50: 22.61 | T50: 4.25 | AA50: 64 | AB50: 448314.57
R51: Grand Total | S51: 72321.135 | T51: 15361.96 | AA51: 65 | AB51: 29330.98
AA52: Grand Total | AB52: 31315442

Sheet Sheet4
A1: HEALTH CARE
